Timestamp_ms,ADC1_Raw,ADC1_V_milli,ADC2_Raw,ADC2_V_milli,Heading_deci,Roll_deci,Pitch_deci,Quat_W_milli,Quat_X_milli,Quat_Y_milli,Quat_Z_milli,LinAccel_X_centi,LinAccel_Y_centi,LinAccel_Z_centi,AngVel_X_deci,AngVel_Y_deci,AngVel_Z_deci,Temp_C_deci,Encoder_Count,Encoder_RPM_deci
5248144,2364,2886,2214,2703,3091,51,71,-900,36,67,-427,-8,7,12,2,-18,3,410,-36901,0
5248155,2365,2887,2212,2700,3091,51,71,-900,36,68,-427,0,8,-8,3,-12,6,410,-36901,0
5248174,2373,2897,2210,2698,3091,51,71,-900,36,68,-427,0,8,-8,3,-12,6,410,-36901,0
5248186,2364,2886,2219,2709,3091,52,71,-900,36,68,-428,-1,2,-17,3,-13,8,410,-36901,0
5248205,2367,2890,2219,2709,3091,52,71,-900,36,68,-428,-1,2,-17,3,-13,8,410,-36901,0
5248217,2379,2904,2217,2706,3091,53,71,-900,36,68,-428,2,1,-16,3,-12,-1,410,-36901,0
5248235,2370,2893,2224,2715,3091,53,71,-900,36,68,-428,2,1,-16,3,-12,-1,410,-36901,0
5248247,2367,2890,2216,2705,3091,53,71,-900,36,68,-428,-9,2,11,3,-6,-9,410,-36901,0
5248266,2369,2892,2219,2709,3091,53,71,-900,36,68,-428,-9,2,11,3,-6,-9,410,-36901,0
5248277,2382,2908,2224,2715,3091,53,71,-900,36,69,-427,-4,5,-5,1,-21,-9,410,-36901,0
5248295,2363,2885,2221,2711,3091,53,71,-900,36,69,-427,-4,5,-5,1,-21,-9,410,-36901,0
5248307,2369,2892,2212,2700,3091,54,71,-900,35,69,-427,-7,7,-9,-1,-18,-5,410,-36901,0
5248326,2371,2894,2216,2705,3091,54,71,-900,35,69,-427,-7,7,-9,-1,-18,-5,410,-36901,0
5248338,2366,2888,2219,2709,3091,55,71,-900,35,70,-427,-15,6,4,1,-30,-12,410,-36901,0
5248356,2368,2891,2222,2713,3091,55,71,-900,35,70,-427,-15,6,4,1,-30,-12,410,-36901,0
5248368,2367,2890,2216,2705,3091,55,71,-900,35,71,-427,-10,7,4,1,-31,-8,410,-36901,0
5248385,2375,2899,2220,2710,3091,55,71,-900,35,71,-427,-10,7,4,1,-31,-8,410,-36901,0
5248397,2367,2890,2223,2714,3091,56,71,-900,34,71,-427,-14,8,-9,0,-23,3,410,-36901,0
5248416,2387,2914,2215,2704,3091,56,71,-900,34,71,-427,-14,8,-9,0,-23,3,410,-36901,0
5248427,2355,2875,2227,2719,3091,56,71,-900,34,71,-427,-14,9,-11,0,-24,11,410,-36901,0
5248445,2367,2890,2223,2714,3091,56,71,-900,34,71,-427,-14,9,-11,0,-24,11,410,-36901,0
5248457,2375,2899,2214,2703,3091,57,71,-900,34,72,-427,-19,5,5,3,-28,1,410,-36901,0
5248476,2366,2888,2236,2730,3091,57,71,-900,34,72,-427,-19,5,5,3,-28,1,410,-36901,0
5248487,2368,2891,2222,2713,3091,58,71,-900,33,73,-427,-19,1,35,13,-83,-19,410,-36901,0
5248506,2359,2880,2239,2733,3091,58,71,-900,33,73,-427,-19,1,35,13,-83,-19,410,-36901,0
5248519,2367,2890,2224,2715,3091,61,70,-900,32,75,-427,-9,14,8,7,-103,-8,410,-36901,0
5248536,2358,2879,2232,2725,3091,61,70,-900,32,75,-427,-9,14,8,7,-103,-8,410,-36901,0
5248548,2375,2899,2226,2717,3091,64,70,-899,31,77,-427,-12,12,-36,-5,-88,33,410,-36901,0
5248567,2367,2890,2234,2727,3091,64,70,-899,31,77,-427,-12,12,-36,-5,-88,33,410,-36901,0
5248579,2366,2888,2220,2710,3089,66,71,-899,30,79,-429,-16,1,1,-6,-56,43,410,-36901,0
5248599,2366,2888,2231,2724,3089,66,71,-899,30,79,-429,-6,5,0,1,-16,16,410,-36901,0
5248617,2363,2885,2224,2715,3089,66,71,-899,30,79,-429,-6,5,0,1,-16,16,410,-36901,0
5248629,2367,2890,2229,2721,3089,67,71,-899,30,79,-429,-8,15,0,9,8,-16,410,-36901,0
5248647,2366,2888,2224,2715,3089,67,71,-899,30,79,-429,-8,15,0,9,8,-16,410,-36901,0
5248659,2358,2879,2229,2721,3089,67,70,-899,29,80,-429,-10,17,11,8,-38,0,410,-36901,0
5248677,2367,2890,2224,2715,3089,67,70,-899,29,80,-429,-10,17,11,8,-38,0,410,-36901,0
5248689,2358,2879,2230,2722,3088,68,70,-898,29,81,-429,-3,4,2,1,-68,40,410,-36901,0
5248707,2370,2893,2229,2721,3088,68,70,-898,29,81,-429,-3,4,2,1,-68,40,410,-36901,0
5248719,2362,2884,2228,2720,3087,70,70,-898,28,82,-430,-2,-7,-23,0,-41,31,410,-36901,0
5248736,2376,2901,2217,2706,3087,70,70,-898,28,82,-430,-2,-7,-23,0,-41,31,410,-36901,0
5248749,2350,2869,2228,2720,3086,71,70,-898,28,83,-430,-2,-6,-31,4,2,-15,410,-36901,0
5248768,2354,2874,2231,2724,3086,71,70,-898,28,83,-430,-2,-6,-31,4,2,-15,410,-36901,0
5248779,2361,2882,2233,2726,3088,70,70,-898,28,82,-429,-4,2,-12,0,48,-42,410,-36901,0
5248797,2361,2882,2229,2721,3088,70,70,-898,28,82,-429,-4,2,-12,0,48,-42,410,-36901,0
5248809,2361,2882,2226,2717,3089,69,70,-899,29,80,-429,-14,13,5,-9,58,-16,410,-36901,0
5248828,2352,2871,2225,2716,3089,69,70,-899,29,80,-429,-14,13,5,-9,58,-16,410,-36901,0
5248840,2354,2874,2225,2716,3089,68,70,-899,30,80,-429,-15,10,8,-8,16,10,410,-36901,0
5248858,2361,2882,2235,2728,3089,68,70,-899,30,80,-429,-15,10,8,-8,16,10,410,-36901,0
5248870,2367,2890,2222,2713,3089,67,71,-899,30,80,-429,-6,8,-6,-2,-5,1,410,-36901,0
5248888,2361,2882,2216,2705,3089,67,71,-899,30,80,-429,-6,8,-6,-2,-5,1,410,-36901,0
5248900,2372,2896,2224,2715,3089,67,70,-899,30,80,-429,-4,8,-14,2,-10,-13,410,-36901,0
5248918,2356,2876,2222,2713,3089,67,70,-899,30,80,-429,-4,8,-14,2,-10,-13,410,-36901,0
5248930,2357,2877,2223,2714,3090,68,70,-899,30,80,-428,-5,7,13,3,-3,-3,410,-36901,0
5248948,2357,2877,2223,2714,3090,68,70,-899,30,80,-428,-5,7,13,3,-3,-3,410,-36901,0
5248960,2362,2884,2224,2715,3089,68,70,-899,30,80,-429,-8,3,16,-1,4,12,410,-36901,0
5248978,2360,2881,2216,2705,3089,68,70,-899,30,80,-429,-8,3,16,-1,4,12,410,-36901,0
5248990,2356,2876,2223,2714,3089,68,70,-899,29,80,-429,2,11,-14,1,-20,7,410,-36901,0
5249009,2360,2881,2229,2721,3089,68,70,-899,29,80,-429,2,11,-14,1,-20,7,410,-36901,0
5249021,2355,2875,2226,2717,3089,68,70,-899,29,80,-429,-3,10,-27,7,-15,1,410,-36901,0
5249039,2356,2876,2228,2720,3089,68,70,-899,29,80,-429,-3,10,-27,7,-15,1,410,-36901,0
5249050,2372,2896,2223,2714,3089,68,70,-898,29,81,-429,-6,3,15,5,-31,6,410,-36901,0
5249069,2354,2874,2223,2714,3089,68,70,-898,29,81,-429,-6,3,15,5,-31,6,410,-36901,0
5249081,2369,2892,2231,2724,3088,70,70,-898,28,82,-429,-2,0,-13,0,-28,20,410,-36901,0
5249099,2367,2890,2230,2722,3088,70,70,-898,28,82,-429,-2,0,-13,0,-28,20,410,-36901,0
5249111,2367,2890,2221,2711,3088,70,70,-898,28,82,-430,-3,-1,-11,-1,-7,2,410,-36901,0
5249129,2360,2881,2225,2716,3088,70,70,-898,28,82,-430,-3,-1,-11,-1,-7,2,410,-36901,0
5249141,2356,2876,2228,2720,3088,70,70,-898,28,82,-429,-9,8,-4,1,18,-25,410,-36901,0
5249159,2359,2880,2229,2721,3088,70,70,-898,28,82,-429,-9,8,-4,1,18,-25,410,-36901,0
5249171,2360,2881,2227,2719,3089,70,70,-899,28,81,-429,-9,15,-4,1,17,-16,410,-36901,0
5249189,2360,2881,2227,2719,3089,70,70,-899,28,81,-429,-9,15,-4,1,17,-16,410,-36901,0
5249201,2352,2871,2227,2719,3089,70,70,-899,28,81,-429,-4,9,-14,0,-8,7,410,-36901,0
5249219,2364,2886,2238,2732,3089,70,70,-899,28,81,-429,-4,9,-14,0,-8,7,410,-36901,0
5249231,2379,2904,2228,2720,3089,70,70,-898,28,81,-429,-11,-2,8,-2,-11,10,410,-36901,0
5249249,2356,2876,2226,2717,3089,70,70,-898,28,81,-429,-11,-2,8,-2,-11,10,410,-36901,0
5249261,2354,2874,2222,2713,3088,70,70,-898,28,82,-429,-8,-2,2,0,-4,-6,410,-36901,0
5249279,2359,2880,2224,2715,3088,70,70,-898,28,82,-429,-8,-2,2,0,-4,-6,410,-36901,0
5249291,2354,2874,2231,2724,3089,70,70,-899,28,82,-428,-11,4,-2,-3,11,-21,410,-36901,0
5249310,2360,2881,2239,2733,3089,70,70,-899,28,82,-428,-11,4,-2,-3,11,-21,410,-36901,0
5249322,2351,2870,2228,2720,3090,70,70,-899,28,81,-428,-14,15,2,-3,13,-13,410,-36901,0
5249339,2352,2871,2225,2716,3090,70,70,-899,28,81,-428,-14,15,2,-3,13,-13,410,-36901,0
5249351,2358,2879,2236,2730,3090,70,70,-899,28,81,-428,-11,13,1,-5,-6,13,410,-36901,0
5249370,2352,2871,2226,2717,3090,70,70,-899,28,81,-428,-11,13,1,-5,-6,13,410,-36901,0
5249382,2359,2880,2222,2713,3089,70,70,-899,28,81,-429,-14,4,-5,-1,-8,23,410,-36901,0
5249399,2358,2879,2239,2733,3089,70,70,-899,28,81,-429,-14,4,-5,-1,-8,23,410,-36901,0
5249411,2360,2881,2228,2720,3089,70,70,-898,28,81,-429,-9,2,-25,5,-10,8,410,-36901,0
5249429,2361,2882,2225,2716,3089,70,70,-898,28,81,-429,-9,2,-25,5,-10,8,410,-36901,0
5249441,2348,2866,2228,2720,3088,70,70,-898,28,81,-429,-8,3,-17,6,3,-1,410,-36901,0
5249459,2360,2881,2237,2731,3088,70,70,-898,28,81,-429,-8,3,-17,6,3,-1,410,-36901,0
5249471,2361,2882,2225,2716,3088,70,70,-898,28,81,-429,-20,-6,30,1,14,8,410,-36901,0
5249489,2358,2879,2222,2713,3088,70,70,-898,28,81,-429,-20,-6,30,1,14,8,410,-36901,0
5249501,2355,2875,2227,2719,3088,69,70,-898,28,81,-429,-8,-2,-10,-2,8,1,410,-36901,0
5249519,2358,2879,2228,2720,3088,69,70,-898,28,81,-429,-8,-2,-10,-2,8,1,410,-36901,0
5249531,2363,2885,2228,2720,3088,69,70,-898,28,81,-429,-11,5,2,-2,1,-10,410,-36901,0
5249550,2367,2890,2229,2721,3088,69,70,-898,28,81,-429,-11,5,2,-2,1,-10,410,-36901,0
5249561,2350,2869,2225,2716,3089,69,70,-899,28,81,-429,-13,11,10,-4,-5,-6,410,-36901,0
5249580,2362,2884,2218,2708,3089,69,70,-899,28,81,-429,-13,11,10,-4,-5,-6,410,-36901,0
5249592,2372,2896,2227,2719,3089,69,70,-899,28,81,-429,-8,9,-27,-3,0,5,410,-36901,0
5249612,2352,2871,2228,2720,3089,69,70,-899,28,81,-429,-3,5,-37,-5,18,6,410,-36901,0
5249630,2355,2875,2223,2714,3089,69,70,-899,28,81,-429,-3,5,-37,-5,18,6,410,-36901,0
5249642,2350,2869,2226,2717,3089,68,70,-899,29,80,-429,-10,4,-5,-1,36,3,410,-36901,0
5249661,2357,2877,2224,2715,3089,68,70,-899,29,80,-429,-10,4,-5,-1,36,3,410,-36901,0
5249672,2361,2882,2224,2715,3089,67,70,-899,29,79,-429,-13,5,8,-1,41,-3,410,-36901,0
5249690,2359,2880,2226,2717,3089,67,70,-899,29,79,-429,-13,5,8,-1,41,-3,410,-36901,0
5249702,2353,2873,2224,2715,3089,66,70,-899,29,78,-429,-5,5,-9,-2,30,-3,410,-36901,0
5249720,2367,2890,2216,2705,3089,66,70,-899,29,78,-429,-5,5,-9,-2,30,-3,410,-36901,0
5249732,2358,2879,2220,2710,3089,65,70,-899,30,78,-429,-11,-3,9,-4,15,5,410,-36901,0
5249750,2358,2879,2224,2715,3089,65,70,-899,30,78,-429,-11,-3,9,-4,15,5,410,-36901,0
5249761,2367,2890,2216,2705,3089,65,70,-899,30,77,-429,-7,-3,-3,-5,13,3,410,-36901,0
5249780,2361,2882,2216,2705,3089,65,70,-899,30,77,-429,-7,-3,-3,-5,13,3,410,-36901,0
5249792,2352,2871,2224,2715,3089,64,70,-899,30,77,-429,-6,0,-10,-7,21,-8,410,-36901,0
5249810,2367,2890,2224,2715,3089,64,70,-899,30,77,-429,-6,0,-10,-7,21,-8,410,-36901,0
5249822,2357,2877,2223,2714,3090,63,70,-899,30,76,-428,-12,3,20,-6,28,-10,410,-36901,0
5249840,2355,2875,2229,2721,3090,63,70,-899,30,76,-428,-12,3,20,-6,28,-10,410,-36901,0
5249852,2340,2857,2216,2705,3090,63,70,-899,31,76,-428,-11,5,0,-9,21,1,410,-36901,0
5249870,2354,2874,2223,2714,3090,63,70,-899,31,76,-428,-11,5,0,-9,21,1,410,-36901,0
5249882,2359,2880,2218,2708,3090,62,70,-899,31,76,-428,-8,7,-13,-10,5,11,410,-36901,0
5249900,2359,2880,2219,2709,3090,62,70,-899,31,76,-428,-8,7,-13,-10,5,11,410,-36901,0
5249912,2359,2880,2217,2706,3090,62,70,-899,32,76,-429,-9,3,-12,-7,6,6,410,-36901,0
5249931,2358,2879,2219,2709,3090,62,70,-899,32,76,-429,-9,3,-12,-7,6,6,410,-36901,0
5249943,2355,2875,2222,2713,3090,62,70,-899,32,75,-429,-9,7,-16,-2,12,-1,410,-36901,0
5249961,2358,2879,2217,2706,3090,62,70,-899,32,75,-429,-9,7,-16,-2,12,-1,410,-36901,0
5249973,2358,2879,2215,2704,3090,61,70,-899,32,75,-428,-7,4,-15,-1,23,1,410,-36901,0
5249990,2357,2877,2215,2704,3090,61,70,-899,32,75,-428,-7,4,-15,-1,23,1,410,-36901,0
5250002,2355,2875,2220,2710,3090,60,70,-899,32,74,-429,-14,-1,8,-5,36,7,410,-36901,0
5250021,2357,2877,2219,2709,3090,60,70,-899,32,74,-429,-14,-1,8,-5,36,7,410,-36901,0
5250033,2359,2880,2220,2710,3090,59,71,-899,33,73,-429,-10,1,-3,-5,46,5,410,-36901,0
5250050,2358,2879,2213,2702,3090,59,71,-899,33,73,-429,-10,1,-3,-5,46,5,410,-36901,0
5250062,2355,2875,2215,2704,3090,58,71,-899,34,72,-428,-11,2,-1,-6,44,-3,410,-36901,0
5250081,2349,2868,2214,2703,3090,58,71,-899,34,72,-428,-11,2,-1,-6,44,-3,410,-36901,0
5250093,237,2877,2204,2691,3088,45,71,-899,39,62,-430,-8,1,7,1,15,6,410,-36892,60
5250609,2356,2876,2207,2694,3088,45,71,-899,39,62,-430,-7,0,0,2,13,7,410,-36891,60
5250629,2357,2877,2217,2706,3088,44,71,-899,39,62,-430,-5,7,-7,-5,15,-3,410,-36890,60
5250647,2350,2869,2204,2691,3088,44,71,-899,39,62,-430,-5,7,-7,-5,15,-3,410,-36889,82
5250659,2352,2871,2206,2693,3088,44,71,-899,40,62,-429,-5,11,-8,-10,15,-11,410,-36887,82
5250679,2356,2876,2192,2676,3088,43,72,-899,40,62,-429,-11,10,19,-5,10,-7,410,-36885,82
5250700,2359,2880,2205,2692,3088,43,72,-899,40,61,-429,-5,11,-11,0,6,8,410,-36885,82
5250720,2363,2885,2203,2689,3088,43,72,-899,40,61,-429,-8,0,-3,6,6,9,410,-36884,82
5250737,2358,2879,2203,2689,3088,43,72,-899,40,61,-429,-8,0,-3,6,6,9,410,-36884,82
5250749,2361,2882,2215,2704,3088,43,71,-899,40,61,-430,-9,-10,-4,18,-3,11,410,-36883,81
5250769,2361,2882,2207,2694,3088,43,71,-899,39,61,-430,-5,-10,-10,10,-5,7,410,-36883,81
5250787,2359,2880,2203,2689,3088,43,71,-899,39,61,-430,-5,-10,-10,10,-5,7,410,-36882,81
5250799,2352,2871,2205,2692,3088,43,71,-899,39,61,-430,-4,-3,-8,-3,-1,-5,410,-36879,81
5250820,2355,2875,2201,2687,3088,43,71,-899,39,61,-430,-10,2,2,-15,0,-10,410,-36877,81
5250837,2358,2879,2219,2709,3088,43,71,-899,39,61,-430,-10,2,2,-15,0,-10,410,-36876,81
5250849,2344,2862,2205,2692,3088,43,72,-899,40,61,-430,-6,10,-5,-17,1,-1,410,-36875,150
5250870,2355,2875,2200,2686,3088,43,72,-899,40,61,-430,-3,10,-6,-5,1,2,410,-36874,150
5250887,2356,2876,2207,2694,3088,43,72,-899,40,61,-430,-3,10,-6,-5,1,2,410,-36873,150
5250899,2348,2866,2206,2693,3088,43,72,-899,40,61,-430,-10,2,-2,10,8,5,410,-36873,150
5250919,2360,2881,2208,2695,3088,43,71,-899,40,61,-430,-11,-2,-2,16,4,3,410,-36872,150
5250937,2362,2884,2206,2693,3088,43,71,-899,40,61,-430,-11,-2,-2,16,4,3,410,-36871,150
5250949,2356,2876,2198,2683,3088,43,71,-899,40,61,-430,-7,-1,-3,3,3,1,410,-36869,100
5250969,2355,2875,2205,2692,3088,43,71,-899,40,61,-430,-9,-3,0,-10,1,0,410,-36867,100
5250986,2359,2880,2201,2687,3088,43,71,-899,40,61,-430,-9,-3,0,-10,1,0,410,-36865,100
5250998,2359,2880,2202,2688,3088,43,72,-899,40,61,-430,-8,4,-14,-16,2,-5,410,-36863,100
5251017,2356,2876,2207,2694,3088,43,72,-899,40,61,-430,-8,4,-14,-16,2,-5,410,-36862,100
5251029,2348,2866,2215,2704,3088,43,72,-899,40,61,-430,-7,6,0,-4,7,-6,410,-36861,100
5251049,2367,2890,2204,2691,3088,43,72,-899,40,61,-430,-10,3,-7,6,7,-2,410,-36860,150
5251068,2358,2879,2203,2689,3088,43,72,-899,40,61,-430,-10,3,-7,6,7,-2,410,-36859,150
5251080,2347,2865,2200,2686,3088,43,71,-899,40,61,-430,-13,-2,10,7,6,3,410,-36857,150
5251100,2360,2881,2203,2689,3088,43,71,-899,40,61,-430,-12,-2,2,3,4,1,410,-36855,150
5251120,2363,2885,2205,2692,3088,43,71,-899,40,61,-430,-7,1,-9,-2,3,-1,410,-36853,150
5251137,2355,2875,2201,2687,3088,43,71,-899,40,61,-430,-7,1,-9,-2,3,-1,410,-36852,150
5251149,2360,2881,2206,2693,3088,43,72,-899,40,61,-429,-11,5,1,-7,1,-87,410,-36849,183
5251169,2355,2875,2204,2691,3088,43,72,-899,40,61,-429,-10,5,-2,-6,0,-1,410,-36847,183
5251187,2358,2879,2206,2693,3088,43,72,-899,40,61,-429,-10,5,-2,-6,0,-1,410,-36846,183
5251199,2352,2871,2207,2694,3088,43,72,-899,40,61,-429,-7,6,-13,-3,0,6,410,-36843,183
5251218,2357,2877,2206,2693,3088,43,72,-899,40,61,-429,-7,6,-13,-3,0,6,410,-36842,183
5251230,2352,2871,2205,2692,3088,43,72,-899,40,61,-429,-11,3,4,-3,5,3,410,-36839,183
5251250,2367,2890,2221,2711,3088,43,72,-899,40,61,-429,-13,3,2,0,3,0,410,-36836,214
5251270,2362,2884,2208,2695,3088,43,72,-899,40,61,-429,-9,7,-1,-4,3,0,410,-36833,214
5251287,2352,2871,2213,2702,3088,43,72,-899,40,61,-429,-9,7,-1,-4,3,0,410,-36831,214
5251299,2365,2887,2206,2693,3088,42,72,-899,40,61,-429,-7,5,-11,-5,6,4,410,-36828,214
5251318,2363,2885,2235,2728,3088,42,72,-899,40,61,-429,-7,5,-11,-5,6,4,410,-36827,214
5251330,2356,2876,2201,2687,3088,42,72,-899,40,60,-429,-12,2,0,0,12,0,410,-36823,214
5251350,2361,2882,2205,2692,3088,42,72,-899,41,60,-429,-14,5,-6,3,13,-1,410,-36820,266
5251370,2356,2876,2212,2700,3088,41,72,-899,41,60,-429,-11,9,-4,1,6,-3,410,-36816,266
5251387,2350,2869,2205,2692,3088,41,72,-899,41,60,-429,-11,9,-4,1,6,-3,410,-36814,266
5251399,2366,2888,2206,2693,3088,41,72,-899,41,60,-429,-13,12,1,-1,0,0,410,-36810,266
5251418,2353,2873,2212,2700,3088,41,72,-899,41,60,-429,-13,12,1,-1,0,0,410,-36807,266
5251429,2355,2875,2205,2692,3088,41,72,-899,41,60,-430,-10,7,-12,-3,0,10,410,-36803,266
5251449,2365,2887,2196,2681,3088,41,72,-899,41,60,-430,-11,2,-6,0,0,12,410,-36799,266
5251467,2358,2879,2207,2694,3088,41,72,-899,41,60,-430,-11,2,-6,0,0,12,410,-36797,327
5251479,2364,2886,2200,2686,3088,41,72,-899,41,60,-430,-12,-2,4,5,1,8,410,-36793,327
5251498,2353,2873,2200,2686,3088,41,72,-899,41,60,-430,-12,-2,4,5,1,8,410,-36790,327
5251510,2363,2885,2197,2682,3088,41,72,-899,41,60,-430,-11,-2,0,3,3,1,410,-36786,327
5251529,2361,2882,2199,2684,3088,41,72,-899,41,60,-430,-11,-2,0,3,3,1,410,-36783,327
5251541,2356,2876,2202,2688,3088,41,72,-899,41,60,-430,-7,1,-4,-1,1,0,410,-36778,327
5251561,2360,2881,2212,2700,3088,41,72,-899,41,60,-430,-9,2,-6,-5,0,0,410,-36773,327
5251581,2355,2875,2207,2694,3088,41,72,-899,41,60,-430,-10,7,2,-3,0,0,410,-36767,438
5251601,2359,2880,2200,2686,3088,41,72,-899,41,60,-430,-5,6,-10,0,-2,0,410,-36762,438
5251621,2359,2880,2215,2704,3088,41,72,-899,41,60,-430,-8,5,-5,0,-2,5,410,-36758,438
5251638,2367,2890,2205,2692,3088,41,72,-899,41,60,-430,-8,5,-5,0,-2,5,410,-36755,438
5251650,2356,2876,2200,2686,3088,41,72,-899,41,60,-430,-9,1,1,4,2,8,410,-36750,438
5251669,2359,2880,2204,2691,3088,41,72,-899,41,60,-430,-9,1,1,4,2,8,410,-36747,438
5251681,2353,2873,2203,2689,3088,41,72,-899,41,60,-430,-10,0,4,2,-1,-1,410,-36741,433
5251700,2352,2871,2201,2687,3088,41,72,-899,41,60,-430,-10,0,4,2,-1,-1,410,-36738,433
5251712,2359,2880,2207,2694,3088,41,72,-899,41,60,-430,-8,7,-9,0,-7,-6,410,-36732,433
5251732,2356,2876,2205,2692,3088,41,72,-899,40,60,-430,-7,0,-4,-1,-8,-3,410,-36726,433
5251753,2358,2879,2208,2695,3088,42,72,-899,40,60,-430,-10,2,-4,3,-10,1,410,-36721,433
5251773,2366,2888,2223,2714,3088,42,72,-899,40,61,-430,-7,8,-11,4,-8,7,410,-36716,433
5251791,2356,2876,2212,2700,3088,42,72,-899,40,61,-430,-7,8,-11,4,-8,7,410,-36712,439
5251803,2360,2881,2218,2708,3088,42,72,-899,40,61,-430,-7,3,-13,0,-3,0,410,-36706,439
5251824,2356,2876,2203,2689,3088,42,72,-899,40,61,-430,-11,-2,8,1,-3,-1,410,-36701,439
5251843,2359,2880,2203,2689,3088,42,72,-899,40,61,-430,-11,-2,8,1,-3,-1,410,-36698,439
5251855,2367,2890,2200,2686,3088,43,72,-899,40,61,-430,-11,0,-9,5,-10,-1,410,-36692,439
5251875,2356,2876,2207,2694,3087,43,72,-899,40,61,-430,-9,-2,-2,3,-6,1,410,-36687,439
5251894,2352,2871,2209,2697,3087,43,72,-899,40,61,-430,-9,-2,-2,3,-6,1,410,-36684,453
5251906,2363,2885,2200,2686,3087,43,72,-899,40,61,-430,-13,-4,-1,2,-8,0,410,-36678,453
5251926,2367,2890,2208,2695,3087,43,72,-899,40,61,-430,-12,-6,-3,1,-6,-3,410,-36673,453
5251944,2359,2880,2203,2689,3087,43,72,-899,40,61,-430,-12,-6,-3,1,-6,-3,410,-36670,453
5251957,2349,2868,2215,2704,3087,43,72,-899,40,61,-430,-8,-1,-7,-1,-4,-5,410,-36665,453
5251976,2360,2881,2202,2688,3087,43,72,-899,40,61,-430,-8,-1,-7,-1,-4,-5,410,-36661,453
5251989,2355,2875,2214,2703,3087,43,72,-899,40,61,-430,-11,-3,-2,-4,-8,-4,410,-36656,453
5252007,2349,2868,2205,2692,3087,43,72,-899,40,61,-430,-11,-3,-2,-4,-8,-4,410,-36653,457
5252020,2358,2879,2204,2691,3087,43,72,-899,40,62,-430,-9,1,-3,-1,-12,1,410,-36648,457
5252038,2365,2887,2204,2691,3087,43,72,-899,40,62,-430,-9,1,-3,-1,-12,1,410,-36645,457
5252050,2359,2880,2202,2688,3087,44,72,-899,39,62,-430,-9,0,0,0,-16,4,410,-36641,457
5252069,2361,2882,2200,2686,3087,44,72,-899,39,62,-430,-9,0,0,0,-16,4,410,-36638,457
5252081,2356,2876,2204,2691,3087,45,72,-899,39,62,-430,-9,-4,1,1,-13,1,410,-36634,457
5252098,2355,2875,2204,2691,3087,45,72,-899,39,62,-430,-9,-4,1,1,-13,1,410,-36631,457
5252110,2356,2876,2205,2692,3087,45,72,-899,39,63,-430,-8,-2,-6,1,-14,-6,410,-36626,436
5252129,2364,2886,2198,2683,3087,45,72,-899,39,63,-430,-8,-2,-6,1,-14,-6,410,-36623,436
5252142,2359,2880,2215,2704,3088,45,72,-899,39,63,-430,-11,-1,5,-3,-15,-3,410,-36619,436
5252161,2352,2871,2208,2695,3088,45,72,-899,39,63,-430,-11,-1,5,-3,-15,-3,410,-36616,436
5252173,2364,2886,2203,2689,3087,46,72,-899,39,64,-430,-9,2,-3,5,-18,-2,410,-36612,436
5252191,2356,2876,2197,2682,3087,46,72,-899,39,64,-430,-9,2,-3,5,-18,-2,410,-36610,436
5252203,2355,2875,2204,2691,3087,46,72,-899,39,64,-430,-9,-4,-5,4,-24,2,410,-36606,436
5252223,2358,2879,2208,2695,3087,47,72,-899,38,64,-430,-10,0,-5,4,-23,0,410,-36602,353
5252240,2359,2880,2206,2693,3087,47,72,-899,38,64,-430,-10,0,-5,4,-23,0,410,-36599,353
5252252,2356,2876,2206,2693,3087,48,72,-899,38,65,-430,-11,-1,-10,0,-20,-3,410,-36595,353
5252272,2356,2876,2204,2691,3087,48,72,-899,38,65,-430,-11,-5,-3,-1,-19,-6,410,-36592,353
5252290,2367,2890,2208,2695,3087,48,72,-899,38,65,-430,-11,-5,-3,-1,-19,-6,410,-36589,353
5252302,2359,2880,2208,2695,3088,49,72,-899,38,66,-430,-10,0,-6,0,-99,-11,410,-36586,353
5252321,2352,2871,2209,2697,3088,49,72,-899,38,66,-430,-10,0,-6,0,-99,-11,410,-36583,353
5252333,2360,2881,2201,2687,3088,49,72,-899,38,66,-430,-14,2,2,3,-19,-5,410,-36580,333
5252351,2358,2879,2208,2695,3088,49,72,-899,38,66,-430,-14,2,2,3,-19,-5,410,-36578,333
5252363,2350,2869,2208,2695,3088,50,72,-899,37,67,-430,-11,4,-2,0,-20,0,410,-36575,333
5252383,2354,2874,2211,2699,3088,50,72,-899,37,67,-430,-10,-7,-6,0,-19,-4,410,-36572,333
5252401,2357,2877,2210,2698,3088,50,72,-899,37,67,-430,-10,-7,-6,0,-19,-4,410,-36570,333
5252413,2355,2875,2210,2698,3088,51,72,-899,37,67,-430,-14,-3,-3,0,-16,-7,410,-36567,333
5252432,2367,2890,2215,2704,3088,51,72,-899,37,67,-430,-14,-3,-3,0,-16,-7,410,-36565,333
5252444,2355,2875,2215,2704,3088,51,72,-899,37,68,-430,-12,-3,-5,0,-18,-6,410,-36561,270
5252465,2350,2869,2209,2697,3088,51,72,-899,37,68,-430,-12,3,-12,0,-16,-5,410,-36558,270
5252486,2367,2890,2207,2694,3088,52,72,-899,36,68,-430,-10,1,-8,0,-15,-7,410,-36555,270
5252503,2367,2890,2212,2700,3088,52,72,-899,36,68,-430,-10,1,-8,0,-15,-7,410,-36553,270
5252515,2356,2876,2223,2714,3088,52,71,-899,36,68,-430,-14,0,-8,0,-1,-4,410,-36551,270
5252536,2356,2876,2212,2700,3088,52,71,-899,36,68,-430,-18,-2,-3,3,-3,0,410,-36548,270
5252557,2354,2874,2213,2702,3088,52,71,-899,36,68,-430,-18,-3,8,0,-10,-8,410,-36545,250
5252578,2367,2890,2216,2705,3088,52,71,-899,36,69,-429,-14,1,-2,0,-10,-11,410,-36542,250
5252596,2365,2887,2210,2698,3088,52,71,-899,36,69,-429,-14,1,-2,0,-10,-11,410,-36541,250
5252609,2355,2875,2211,2699,3088,53,71,-899,36,69,-429,-16,-2,-9,-5,-10,-5,410,-36538,250
5252629,2355,2875,2209,2697,3088,53,72,-899,36,69,-429,-15,-3,-2,-7,-8,1,410,-36536,250
5252648,2355,2875,2204,2691,3088,53,72,-899,36,69,-429,-15,-3,-2,-7,-8,1,410,-36534,250
5252660,2353,2873,2215,2704,3088,53,72,-899,36,69,-429,-17,1,-12,-5,5,0,410,-36532,210
5252679,2354,2874,2208,2695,3088,53,72,-899,36,69,-429,-17,1,-12,-5,5,0,410,-36530,210
5252691,2355,2875,2208,2695,3089,53,72,-899,36,69,-429,-20,1,0,-7,13,-10,410,-36528,210
5252709,2351,2870,2196,2681,3089,53,72,-899,36,69,-429,-20,1,0,-7,13,-10,410,-36526,210
5252721,2354,2874,2215,2704,3089,53,72,-899,37,69,-429,-21,4,5,-11,6,-12,410,-36523,210
5252740,2353,2873,2208,2695,3089,53,72,-899,37,69,-429,-21,4,5,-11,6,-12,410,-36522,210
5252752,2352,2871,2210,2698,3090,53,73,-899,37,69,-429,-14,4,-9,-13,1,3,410,-36519,210
5252771,2352,2871,2210,2698,3090,53,73,-899,37,69,-429,-14,4,-9,-13,1,3,410,-36518,210
5252783,2360,2881,2209,2697,3089,53,73,-899,37,69,-429,-18,0,0,-11,5,8,410,-36516,210
5252802,2348,2866,2208,2695,3089,53,73,-899,37,69,-429,-18,0,0,-11,5,8,410,-36514,210
5252814,2352,2871,2216,2705,3089,52,73,-899,38,69,-429,-18,3,0,-4,15,-1,410,-36513,210
5252833,2353,2873,2216,2705,3089,52,73,-899,38,69,-429,-18,3,0,-4,15,-1,410,-36511,210
5252845,2348,2866,2211,2699,3090,51,73,-899,38,69,-429,-14,10,-19,4,15,-10,410,-36509,210
5252866,2352,2871,2204,2691,3090,51,73,-899,38,68,-429,-14,11,-5,0,19,0,410,-36506,210
5252886,2354,2874,2211,2699,3090,51,73,-899,38,68,-429,-20,10,5,-3,13,9,410,-36504,202
5252904,2356,2876,2215,2704,3090,51,73,-899,38,68,-429,-20,10,5,-3,13,9,410,-36501,202
5252916,2370,2893,2206,2693,3089,50,73,-899,38,67,-429,-16,8,-11,-9,16,16,410,-36497,202
5252936,2355,2875,2220,2710,3089,50,73,-899,39,67,-429,-15,9,-12,-12,25,5,410,-36493,202
5252954,2355,2875,2196,2681,3089,50,73,-899,39,67,-429,-15,9,-12,-12,25,5,410,-36490,202
5252966,2354,2874,2208,2695,3089,49,74,-899,39,67,-429,-21,12,15,-16,30,-10,410,-36485,202
5252987,2352,2871,2207,2694,3090,48,74,-899,40,66,-429,-17,19,0,-16,30,-9,410,-36480,396
5253005,2354,2874,2204,2691,3090,48,74,-899,40,66,-429,-17,19,0,-16,30,-9,410,-36476,396
5253017,2360,2881,2207,2694,3090,47,75,-899,40,65,-429,-13,19,-15,-15,28,6,410,-36469,396
5253038,2359,2880,2207,2694,3089,46,75,-899,41,65,-429,-15,19,-4,-20,31,11,410,-36463,396
5253056,2366,2888,2200,2686,3089,46,75,-899,41,65,-429,-15,19,-4,-20,31,11,410,-36458,396
5253068,2365,2887,2210,2698,3089,45,75,-899,42,64,-429,-18,17,0,-12,36,-8,410,-36450,396
5253089,2356,2876,2211,2699,3090,44,75,-900,42,63,-429,-18,22,-4,-8,39,-11,410,-36441,620
5253107,2355,2875,2205,2692,3090,44,75,-900,42,63,-429,-18,22,-4,-8,39,-11,410,-36436,620
5253120,2357,2877,2204,2691,3090,43,75,-900,42,62,-428,-20,23,10,-16,42,4,410,-36425,620
5253140,2362,2884,2204,2691,3090,42,75,-900,43,61,-429,-18,23,4,-15,43,9,410,-36415,620
5253158,2362,2884,2200,2686,3090,42,75,-900,43,61,-429,-18,23,4,-15,43,9,410,-36408,620
5253170,2353,2873,2215,2704,3090,40,75,-900,44,60,-429,-16,16,-6,-20,42,11,410,-36396,620
5253191,2352,2871,2208,2695,3089,40,75,-900,44,60,-429,-15,18,-4,-18,48,5,410,-36385,931
5253209,2354,2874,2208,2695,3089,40,75,-900,44,60,-429,-15,18,-4,-18,48,5,410,-36377,931
5253221,2358,2879,2202,2688,3089,38,76,-900,45,59,-429,-20,20,0,-18,54,0,410,-36363,931
5253241,2371,2894,2208,2695,3090,36,76,-900,46,58,-429,-20,19,0,-20,55,0,410,-36350,931
5253259,2352,2871,2205,2692,3090,36,76,-900,46,58,-429,-20,19,0,-20,55,0,410,-36340,931
5253271,2362,2884,2203,2689,3090,35,76,-900,47,56,-429,-14,21,-1,-25,60,13,410,-36325,931
5253291,2364,2886,2203,2689,3089,33,76,-900,48,55,-429,-13,19,-9,-28,60,23,410,-36310,1250
5253310,2357,2877,2212,2700,3089,33,76,-900,48,55,-429,-13,19,-9,-28,60,23,410,-36299,1250
5253322,2363,2885,2215,2704,3088,31,77,-899,49,54,-429,-13,14,6,-25,62,23,410,-36283,1250
5253342,2368,2891,2206,2693,3088,30,78,-899,50,53,-430,-11,17,-3,-20,64,18,410,-36267,1250
5253360,2361,2882,2204,2691,3088,30,78,-899,50,53,-430,-11,17,-3,-20,64,18,410,-36256,1250
5253373,2364,2886,2207,2694,3088,28,78,-899,51,51,-430,-5,17,-6,-11,66,9,410,-36238,1250
5253392,2357,2877,2204,2691,3088,28,78,-899,51,51,-430,-5,17,-6,-11,66,9,410,-36227,1353
5253405,2363,2885,2203,2689,3088,25,78,-899,52,49,-430,-12,15,3,-7,71,14,410,-36209,1353
5253423,2355,2875,2207,2694,3088,25,78,-899,52,49,-430,-12,15,3,-7,71,14,410,-36197,1353
5253436,2362,2884,2204,2691,3087,23,78,-899,52,48,-430,-10,14,-3,-3,62,18,410,-36179,1353
5253454,2363,2885,2207,2694,3087,23,78,-899,52,48,-430,-10,14,-3,-3,62,18,410,-36167,1353
5253466,2366,2888,2204,2691,3087,21,78,-899,53,46,-431,-7,15,-7,-6,57,19,410,-36147,1353
5253486,2375,2899,2194,2678,3086,21,78,-899,54,45,-431,-13,14,6,-3,58,19,410,-36128,1353
5253504,2366,2888,2201,2687,3086,21,78,-899,54,45,-431,-13,14,6,-3,58,19,410,-36115,1666
5253516,2367,2890,2207,2694,3086,18,78,-899,54,44,-431,-14,8,9,0,58,21,410,-36094,1666
5253535,2376,2901,2197,2682,3086,18,78,-899,54,44,-431,-14,8,9,0,58,21,410,-36080,1666
5253548,2369,2892,2200,2686,3086,16,78,-898,55,42,-432,-15,12,-1,1,63,23,410,-36057,1666
5253567,2378,2903,2195,2680,3086,16,78,-898,55,42,-432,-15,12,-1,1,63,23,410,-36042,1666
5253580,2378,2903,2199,2684,3085,14,78,-898,56,41,-432,-14,16,4,-8,65,10,410,-36020,1666
5253598,2367,2890,2202,2688,3085,14,78,-898,56,41,-432,-14,16,4,-8,65,10,410,-36004,1666
5253610,2371,2894,2203,2689,3085,12,78,-898,56,39,-432,-15,11,-7,-13,60,15,410,-35978,2138
5253631,2375,2899,2201,2687,3085,11,78,-898,57,38,-432,-3,19,-20,-9,56,20,410,-35954,2138
5253650,2371,2894,2205,2692,3085,11,78,-898,57,38,-432,-3,19,-20,-9,56,20,410,-35937,2138
5253662,2377,2902,2207,2694,3084,9,78,-898,58,37,-433,-9,9,-1,-13,60,24,410,-35910,2138
5253682,2378,2903,2203,2689,3084,8,78,-898,58,36,-433,-8,13,0,-13,60,20,410,-35883,2138
5253700,2379,2904,2206,2693,3084,8,78,-898,58,36,-433,-8,13,0,-13,60,20,410,-35865,2138
5253712,2375,2899,2208,2695,3083,6,79,-898,60,35,-433,-9,13,13,-29,65,12,410,-35834,2352
5253733,2378,2903,2207,2694,3083,5,80,-898,61,34,-434,-6,14,7,-36,62,17,410,-35805,2352
5253751,2379,2904,2203,2689,3083,5,80,-898,61,34,-434,-6,14,7,-36,62,17,410,-35786,2352
5253763,2383,2909,2196,2681,3083,3,80,-897,62,33,-434,-2,9,-5,-31,60,25,410,-35756,2352
5253783,2387,2914,2215,2704,3083,1,81,-897,63,32,-434,-1,7,-5,-16,53,25,410,-35728,2352
5253801,2381,2907,2204,2691,3083,1,81,-897,63,32,-434,-1,7,-5,-16,53,25,410,-35709,2352
5253814,2374,2898,2201,2687,3082,0,81,-897,64,31,-435,-1,4,-8,-2,51,17,410,-35679,2532
5253833,2395,2924,2223,2714,3082,0,81,-897,64,31,-435,-1,4,-8,-2,51,17,410,-35660,2532
5253845,2395,2924,2199,2684,3081,0,81,-897,65,29,-435,-1,2,-5,9,53,1,410,-35632,2532
5253864,2378,2903,2204,2691,3081,0,81,-897,65,29,-435,-1,2,-5,9,53,1,410,-35615,2532
5253876,2381,2907,2202,2688,3082,-2,81,-897,65,28,-435,0,3,2,14,45,3,410,-35587,2532
5253894,2391,2919,2198,2683,3082,-2,81,-897,65,28,-435,0,3,2,14,45,3,410,-35570,2532
5253906,2381,2907,2199,2684,3081,-3,80,-897,65,27,-435,-3,6,0,30,32,18,410,-35543,2532
5253925,2383,2909,2201,2687,3081,-3,80,-897,65,27,-435,-3,6,0,30,32,18,410,-35525,2312
5253937,2399,2929,2204,2691,3081,-5,79,-897,64,26,-436,-2,-6,6,33,27,23,410,-35498,2312
5253955,2405,2936,2200,2686,3081,-5,79,-897,64,26,-436,-2,-6,6,33,27,23,410,-35479,2312
5253968,2395,2924,2197,2682,3081,-5,78,-897,64,25,-436,10,-8,-8,16,23,9,410,-35448,2312
5253987,2384,2910,2202,2688,3081,-5,78,-897,64,25,-436,10,-8,-8,16,23,9,410,-35427,2312
5254000,2396,2925,2196,2681,3081,-6,79,-897,65,25,-436,-2,-16,-5,-20,22,-11,410,-35393,2312
5254020,2389,2916,2200,2686,3081,-6,80,-897,65,24,-435,-1,2,-11,-24,23,-18,410,-35358,2312
5254041,2384,2910,2204,2691,3081,-7,80,-897,65,24,-435,-2,9,-12,-11,19,-9,410,-35329,2816
5254060,2388,2915,2208,2695,3081,-7,80,-897,65,24,-435,-2,9,-12,-11,19,-9,410,-35308,2816
5254072,2388,2915,2190,2673,3081,-7,80,-897,66,24,-435,-11,14,5,4,13,16,410,-35274,2816
5254093,2403,2934,2215,2704,3081,-8,80,-897,66,23,-436,-11,-7,7,-1,16,12,410,-35243,2816
5254111,2399,2929,2198,2683,3081,-8,80,-897,66,23,-436,-11,-7,7,-1,16,12,410,-35222,2816
5254124,2394,2923,2203,2689,3081,-8,80,-897,66,23,-436,-11,8,8,-6,16,-13,410,-35187,2816
5254144,2393,2921,2193,2677,3081,-8,80,-897,66,23,-435,-9,5,3,-3,18,-25,410,-35154,2815
5254163,2396,2925,2198,2683,3081,-8,80,-897,66,23,-435,-9,5,3,-3,18,-25,410,-35133,2815
5254175,2394,2923,2199,2684,3082,-9,80,-897,66,22,-435,-6,16,-10,-7,15,-13,410,-35099,2815
5254195,2393,2921,2202,2688,3082,-9,80,-897,66,22,-435,-6,15,-12,-1,10,6,410,-35064,2815
5254215,2393,2921,2203,2689,3082,-10,80,-897,66,22,-435,-8,15,-9,-2,3,15,410,-35027,2815
5254234,2412,2945,2198,2683,3082,-10,80,-897,66,22,-435,-8,15,-9,-2,3,15,410,-35001,2815
5254247,2400,2930,2189,2672,3081,-10,80,-897,67,22,-435,-18,28,8,-31,6,-1,410,-34959,3155
5254266,2406,2937,2217,2706,3081,-10,80,-897,67,22,-435,-18,28,8,-31,6,-1,410,-34927,3155
5254279,2404,2935,2219,2709,3082,-10,81,-897,68,22,-434,-20,73,14,-93,21,-29,410,-34874,3155
5254298,2436,2974,2223,2714,3082,-10,81,-897,68,22,-434,-20,73,14,-93,21,-29,410,-34831,3155
5254311,2429,2965,2234,2727,3084,-10,87,-897,73,24,-433,-23,168,25,-235,3,-74,410,-34746,3155
5254333,2518,3074,2311,2821,3086,-10,93,-898,77,27,-431,-25,302,94,-338,-9,-105,410,-34672,3155
5254353,2512,3067,2318,2830,3088,-10,100,-898,83,29,-429,-8,273,-58,-50,16,-183,410,-34595,5691
5254375,2460,3003,2296,2803,3092,-10,99,-900,82,29,-426,-6,292,50,257,21,-158,410,-34513,5691
5254396,2460,3003,2309,2819,3095,-10,95,-901,78,27,-425,-16,173,82,96,7,24,410,-34423,5691
5254416,2499,3051,2321,2833,3093,-10,94,-900,79,27,-427,-31,163,52,-126,-17,181,410,-34319,5691
5254438,2548,3111,2331,2846,3089,-10,96,-898,81,28,-430,-39,185,1,-143,-15,171,410,-34217,5691
5254458,2551,3114,2332,2847,3086,-10,98,-898,81,28,-431,-34,171,6,48,9,4,410,-34101,7793
5254479,2547,3109,2335,2851,3088,-10,96,-899,80,27,-429,-17,125,31,93,23,-120,410,-33989,7793
5254499,2540,3101,2358,2879,3091,-10,96,-899,80,27,-427,-9,107,41,-33,20,-101,410,-33859,7793
5254521,2565,3131,2405,2936,3091,-10,97,-900,81,27,-427,-13,135,15,-66,11,-20,410,-33723,7793
5254544,2576,3145,2398,2927,3091,-11,95,-900,79,26,-427,-14,125,18,53,5,65,410,-33599,7793
5254564,2583,3153,2398,2927,3090,-11,90,-899,76,24,-428,-14,61,29,15,-1,75,410,-33454,10125
5254587,2598,3172,2413,2946,3088,-11,90,-899,76,24,-429,-19,25,23,-28,-4,51,410,-33321,10125
5254608,2604,3179,2399,2929,3087,-11,91,-898,76,24,-430,2,12,-26,-4,0,6,410,-33173,10125
5254630,2579,3148,2399,2929,3088,-11,90,-899,75,24,-430,-4,21,5,36,5,-26,410,-33042,10125
5254650,2598,3172,2413,2946,3088,-11,90,-899,75,24,-430,-5,-3,-13,25,5,-9,410,-32891,10125
5254672,2601,3175,2410,2942,3088,-11,90,-899,75,24,-430,-10,14,-18,-23,3,16,410,-32736,11049
5254696,2607,3183,2405,2936,3088,-12,90,-899,75,24,-430,-16,-9,-21,11,5,4,410,-32590,11049
5254718,2584,3155,2400,2930,3088,-12,90,-899,75,23,-430,-18,-23,0,21,8,6,410,-32445,11049
5254739,2584,3155,2400,2930,3087,-12,89,-898,75,23,-430,-4,-10,2,1,3,29,410,-32309,11049
5254759,2590,3162,2402,2932,3086,-12,90,-898,75,23,-431,-14,-50,-15,-12,-1,41,410,-32164,11049
5254781,2514,3069,2325,2838,3086,-13,90,-898,75,23,-431,-66,-181,-72,8,-1,26,410,-32028,10795
5254802,2545,3107,2378,2903,3085,-13,88,-897,75,23,-433,9,41,-22,50,13,96,410,-31869,10795
5254825,2619,3197,2412,2945,3082,-13,91,-896,77,24,-434,-25,-37,27,-125,5,106,410,-31716,10795
5254848,2548,3111,2362,2884,3080,-13,93,-895,80,25,-436,-6,-76,-48,-133,0,32,410,-31582,10795
5254869,2527,3085,2304,2813,3080,-13,95,-895,80,25,-436,2,43,-46,56,7,4,410,-31454,10795
5254890,2519,3075,2322,2835,3080,-14,93,-895,79,24,-436,-44,114,104,68,2,60,410,-31341,10489
5254910,2643,3227,2456,2998,3077,-14,89,-895,76,22,-438,-26,-127,15,307,-1,146,410,-31215,10489
5254933,2479,3026,2264,2764,3074,-15,86,-894,73,21,-441,-26,-203,15,41,-15,138,410,-31087,10489
5254953,2538,3098,2320,2832,3072,-15,86,-893,73,21,-442,-13,-82,-5,-58,0,21,410,-30935,10489
5254976,2548,3111,2341,2858,3072,-15,88,-893,74,21,-442,-33,-28,6,-131,20,-85,410,-30795,10489
5254998,2544,3106,2367,2890,3075,-15,90,-894,76,22,-440,-2,24,-48,-30,17,-156,410,-30670,10308
5255020,2536,3096,2387,2914,3077,-15,90,-895,75,22,-437,2,-10,5,111,11,-108,410,-30539,10308
5255041,2503,3056,2337,2853,3079,-15,87,-895,74,21,-437,4,-41,2,78,-13,22,410,-30421,10308
5255061,2520,3076,2320,2832,3076,-15,86,-894,74,21,-439,-9,-76,-22,-6,-25,146,410,-30296,10308
5255083,2534,3094,2311,2821,3073,-15,87,-893,74,22,-441,-24,-129,-39,-36,-20,143,410,-30183,10308
5255104,2530,3089,2303,2811,3072,-15,87,-893,74,21,-442,-15,-138,-38,61,18,-30,410,-30051,9701
5255127,2521,3078,2310,2820,3073,-15,86,-893,73,21,-441,-4,-33,-3,2,25,-118,410,-29920,9701
5255149,2516,3072,2306,2815,3076,-15,86,-894,74,21,-439,0,56,-8,-84,11,-140,410,-29800,9701
5255169,2557,3122,2352,2871,3078,-15,88,-896,75,22,-436,-1,111,-15,-50,1,-116,410,-29675,9701
5255191,2534,3094,2376,2901,3081,-14,88,-896,75,22,-435,5,126,-10,45,0,-61,410,-29560,9701
5255211,2532,3091,2367,2890,3081,-14,87,-896,74,21,-435,0,44,-3,49,-5,41,410,-29429,9672
5255232,2540,3101,2355,2875,3078,-15,86,-895,74,21,-437,-16,9,12,1,-6,134,410,-29310,9672
5255252,2559,3124,2348,2866,3076,-15,87,-894,74,21,-439,-25,-31,-5,-25,0,140,410,-29179,9672
5255274,2550,3113,2343,2860,3074,-15,86,-894,74,21,-441,-18,-75,-13,55,16,33,410,-29045,9672
5255297,2554,3118,2334,2849,3073,-16,86,-893,73,20,-441,-21,-60,7,23,15,-22,410,-28920,9672
5255317,2543,3105,2338,2854,3074,-16,86,-894,73,20,-440,-14,-13,0,-43,8,-44,410,-28786,10078
5255339,2541,3102,2352,2871,3075,-16,86,-894,74,20,-440,0,6,-25,-27,8,-41,410,-28668,10078
5255359,2538,3098,2354,2874,3076,-96,86,-894,74,20,-439,0,-16,-16,53,7,0,410,-28542,10078
5255381,2536,3096,2343,2860,3075,-16,85,-894,73,19,-440,-2,-39,4,48,-3,65,410,-28420,10078
5255401,2540,3101,2328,2842,3073,-16,85,-893,73,19,-442,-16,-70,6,-3,-15,105,410,-28298,10078
5255422,2554,3118,2335,2851,3071,-16,85,-893,73,20,-443,-12,-96,-25,-19,-18,70,410,-28165,9825
5255445,2541,3102,2323,2836,3071,-16,85,-893,73,20,-443,-8,-80,-3,21,-19,-3,410,-28047,9825
5255466,2532,3091,2331,2846,3072,-15,86,-893,73,21,-450,-4,32699,10,9,-31,-62,410,-27923,9825
5255488,2539,3100,2324,2837,3073,-14,87,-893,74,22,-441,0,-50,5,-5,-34,-28,410,-27812,9825
5255508,2531,3090,2329,2843,3073,-13,87,-893,74,22,-441,-1,-29,-7,5,-37,11,410,-27691,9825
5255530,2524,3081,2316,2827,3073,-13,87,-893,73,23,-442,-11,-55,-1,17,-31,38,410,-27574,9104
5255551,2528,3086,2304,2813,3072,-13,87,-893,73,23,-442,-10,-36,1,9,-25,35,410,-27463,9104
5255571,2542,3103,2310,2820,3071,-12,88,-893,74,24,-443,0,-29,-20,-14,-24,2,410,-27350,9104
5255592,2527,3085,2304,2813,3071,-12,88,-893,74,24,-442,0,-17,-25,0,-23,-28,410,-27244,9104
5255611,2516,3072,2309,2819,3071,-12,88,-893,74,24,-442,0,-17,-25,0,-23,-28,410,-27172,9104
5255625,2521,3078,2322,2835,3073,-11,88,-893,73,25,-442,-9,-24,-5,13,-36,-12,410,-27052,9104
5255647,2519,3075,2296,2803,3072,-10,88,-893,73,26,-442,-7,-49,-11,9,-43,23,410,-26945,8945
5255667,2519,3075,2300,2808,3071,-9,88,-892,73,26,-443,-6,-25,-11,11,-45,42,410,-26826,8945
5255689,2516,3072,2291,2797,3070,-8,88,-892,73,27,-443,0,-31,-20,-19,-48,5,410,-26723,8945
5255709,2512,3067,2299,2807,3071,-8,89,-892,73,28,-443,-3,-40,-9,24,-39,-25,410,-26611,8945
5255730,2535,3095,2280,2783,3071,-7,89,-892,72,29,-443,-6,-28,5,48,-46,-21,410,-26503,8945
5255751,2521,3078,2292,2798,3071,-6,88,-892,71,29,-443,-15,4,33,5,-50,3,410,-26392,8814
5255771,2527,3085,2286,2791,3071,-5,88,-892,71,30,-443,-10,44,18,-50,-54,0,410,-26277,8814
5255793,2526,3084,2294,2800,3071,-3,90,-893,72,31,-443,-11,62,10,-33,-47,-40,410,-26166,8814
5255813,2564,3130,2344,2862,3073,-2,90,-893,71,32,-442,-20,158,34,21,-37,20413,410,-26035,8814
5255834,2568,3135,2360,2881,3074,-1,90,-893,71,33,-441,-18,168,23,-26,-45,-73,410,-25910,8814
5255855,2573,3141,2359,2880,3075,0,90,-894,71,34,-440,-25,159,32,-25,-53,-43,410,-25761,10048
5255878,2615,3192,2392,2920,3075,0,90,-894,70,35,-440,-18,189,15,34,-62,23,410,-25608,10048
5255901,2638,3221,2409,2941,3075,0,84,-894,65,33,-440,-11,138,-13,0,-66,30,410,-25466,10048
5255921,2645,3229,2402,2932,3074,1,79,-894,61,32,-441,-5,111,4,5,-64,11,410,-25303,10048
5255944,2656,3242,2441,2980,3074,2,79,-894,60,33,-441,0,77,-12,18,-58,-16,410,-25154,10048
5255964,2656,3242,2450,2991,3074,3,78,-894,60,33,-441,-11,70,-8,11,-61,-17,410,-24978,11926
5255988,2667,3256,2457,3000,3074,5,78,-894,59,34,-441,-22,52,13,-10,-60,-1,410,-24821,11926
5256009,2646,3230,2454,2996,3074,6,78,-894,59,35,-441,-25,-1,10,28,-55,13,410,-24647,11926
5256031,2664,3252,2458,3001,3073,7,78,-894,57,36,-442,-25,12,10,27,-48,27,410,-24478,11926
5256053,2712,3311,2476,3023,3073,8,77,-894,57,37,-442,-11,-29,-2,-8,-41,18,410,-24304,11926
5256076,2679,3271,2472,3018,3072,8,77,-894,57,37,-442,-24,-28,21,19,-23,-9,410,-24118,12752
5256100,2672,3262,2499,3051,3073,9,77,-894,56,37,-442,-15,-36,7,10,-18,-14,410,-23955,12752
5256121,2660,3247,2473,3019,3073,9,77,-894,56,38,-442,-14,-57,-13,12,-20,0,410,-23780,12752
5256144,2679,3271,2463,3007,3072,10,77,-894,56,38,-442,-7,-62,-23,5,-20,16,410,-23621,12752
5256164,2669,3258,2456,2998,3072,10,78,-893,57,38,-443,-15,-55,-17,-1,-14,19,410,-23457,12752
5256187,2668,3257,2466,3010,3071,10,80,-893,59,39,-443,-22,-85,-19,8,-14,4,410,-23299,12252
5256208,2639,3222,2451,2992,3071,9,81,-893,60,39,-443,-18,-63,-17,25,-13,-12,410,-23133,12252
5256230,2635,3217,2448,2989,3072,9,83,-893,61,39,-442,-24,-61,-21,2,-19,-7,410,-22969,12252
5256253,2641,3224,2439,2978,3072,9,84,-893,62,40,-442,-8,-48,-31,8,-15,0,410,-22817,12252
5256273,2620,3199,2428,2964,3071,9,85,-893,63,40,-442,-7,-45,-28,25,-15,3,410,-22662,12252
5256295,2609,3185,2416,2949,3071,9,87,-893,64,41,-443,2,-64,-37,18,-15,11,410,-22517,12052
5256316,2606,3181,2416,2949,3071,9,88,-892,65,41,-443,-10,-60,-19,19,-13,16,410,-22362,12052
5256338,2607,3183,2421,2956,3071,8,90,-892,66,42,-443,-14,-57,5,10,-6,6,410,-22214,12052
5256359,2594,3167,2403,2934,3071,8,91,-892,67,42,-443,-8,-45,-5,3,4,-8,410,-22062,12052
5256382,2588,3159,2401,2931,3071,8,91,-892,68,42,-443,5,-40,-15,21,4,-6,410,-21919,12052
5256403,2559,3124,2388,2915,3071,8,92,-892,68,42,-443,-2,-79,-16,21,5,15,410,-21787,11250
5256424,2553,3117,2372,2896,3071,8,92,-892,69,42,-443,-6,-101,-18,25,8,38,410,-21649,11250
5256445,2559,3124,2369,2892,3070,8,91,-892,68,42,-444,-10,-57,-7,19,18,41,410,-21519,11250
5256465,2553,3117,2360,2881,3069,7,92,-891,69,41,-444,-8,-17,-5,-25,23,8,410,-21377,11250
5256487,2546,3108,2367,2890,3070,6,93,-892,69,41,-444,6,6,-23,-34,31,-40,410,-21250,11250
5256507,2544,3106,2387,2914,3071,6,93,-892,70,41,-443,9,14,-17,13,35,-61,410,-21107,10865
5256530,2535,3095,2360,2881,3071,5,92,-892,69,40,-442,0,-33,1,34,26,16,410,-20971,10865
5256552,2526,3084,2340,2857,3071,5,91,-892,69,40,-443,18,-25,-32,33,12,92,410,-20852,10865
5256572,2531,3090,2330,2844,3069,5,91,-891,69,39,-444,-10,-81,-18,9,10,113,410,-20725,10865
5256593,2520,3076,2316,2827,3067,4,91,-891,69,39,-446,-5,-93,-22,12,11,65,410,-20613,10865
5256613,2517,3073,2327,2841,3066,3,90,-890,68,38,-447,-1,-80,-6,40,16,3,410,-20493,9638
5256634,2492,3042,2315,2826,3066,3,91,-890,70,39,-446,13,-71,-17,44,23,-23,410,-20380,9638
5256655,2474,3020,2302,2810,3066,3,92,-891,71,39,-446,1,-52,19,11,25,-20,410,-20270,9638
5256674,2490,3040,2295,2802,3066,3,92,-891,71,39,-446,1,-52,19,11,25,-20,410,-20199,9638
5256687,2480,3028,2292,2798,3067,3,95,-890,73,40,-446,6,-58,-22,-28,20,2,410,-20098,9638
5256707,2477,3024,2286,2791,3067,2,96,-890,74,40,-446,-5,-41,8,1,20,1,410,-19992,9638
5256727,2464,3008,2279,2782,3067,2,96,-890,74,40,-446,5,-26,-3,35,10,-4,410,-19883,8903
5256749,2471,3017,2288,2793,3067,2,96,-890,74,40,-446,0,-43,-9,24,1,5,410,-19788,8903
5256768,2485,3034,2291,2797,3067,2,96,-890,74,40,-446,0,-43,-9,24,1,5,410,-19724,8903
5256781,2467,3012,2287,2792,3066,2,96,-890,74,40,-446,4,-29,3,0,-1,15,410,-19617,8903
5256803,2472,3018,2269,2770,3066,2,97,-890,75,40,-446,1,-5,-6,-23,-5,2,410,-19516,8903
5256823,2479,3026,2276,2778,3066,2,98,-890,75,40,-446,-4,16,21,-23,-6,-20,410,-19418,8903
5256844,2487,3036,2284,2788,3067,2,98,-890,75,40,-446,11,21,0,5,-15,-42,410,-19321,7991
5256863,2478,3025,2279,2782,3067,2,98,-890,75,40,-446,11,21,0,5,-15,-42,410,-19254,7991
5256877,2487,3036,2293,2799,3068,3,98,-891,75,41,-445,0,113,32,-16,-25,-35,410,-19144,7991
5256898,2501,3053,2294,2800,3070,4,99,-891,75,42,-444,-3,158,42,-51,-22,-52,410,-19037,7991
5256917,2520,3076,2327,2841,3070,4,99,-891,75,42,-444,-3,158,42,-51,-22,-52,410,-18959,7991
5256931,2520,3076,2335,2851,3071,5,100,-892,75,43,-443,1,187,2,-1,-26,-63,410,-18829,7991
5256953,2508,3062,2336,2852,3072,6,99,-892,75,43,-442,7,146,-14,16,-38,-17,410,-18712,9281
5256974,2519,3075,2326,2840,3071,6,98,-892,73,44,-443,-12,57,8,68,-60,94,410,-18587,9281
5256995,2535,3095,2323,2836,3069,8,98,-891,73,44,-445,-2,37,-20,11,-57,92,410,-18467,9281
5257015,2540,3101,2324,2837,3068,8,98,-890,73,45,-445,-11,37,-1,-28,-43,16,410,-18335,9281
5257037,2552,3115,2335,2851,3068,10,98,-891,73,46,-445,4,42,0,0,-21,-78,410,-18216,9281
5257056,2541,3102,2341,2858,3068,10,98,-891,73,46,-445,4,42,0,0,-21,-78,410,-18131,9352
5257070,2516,3072,2340,2857,3071,10,95,-892,70,45,-442,3,70,14,31,-15,-43,410,-17995,9352
5257092,2512,3067,2338,2854,3071,11,93,-892,69,45,-442,-7,56,25,7,-20,6,410,-17872,9352
5257112,2539,3100,2340,2857,3070,11,93,-892,68,45,1556,-7,14,7,11,-26,91,410,-17745,9352
5257133,2539,3100,2340,2857,3069,11,93,-891,68,45,-445,-4,-21,11,57,-19,73,410,-17617,9352
5257155,2534,3094,2324,2837,3068,11,91,-891,67,45,-446,0,-16,4,40,-10,15,410,-17491,9352
5257176,2537,3097,2328,2842,3068,11,91,-891,66,45,-445,2,-25,7,13,-13,-35,410,-17361,10680
5257197,2523,3080,2335,2851,3068,12,91,-891,66,45,-445,-2,-25,14,-27,-18,-46,410,-17239,10680
5257217,2516,3072,2335,2851,3069,13,92,-891,67,46,-444,8,-7,-12,-28,-28,-24,410,-17114,10680
5257238,2516,3072,2335,2851,3069,13,92,-891,66,47,-444,9,-24,-16,-1,-48,10,410,-16998,10680
5257258,2509,3063,2318,2830,3068,15,92,-891,66,48,-445,10,-49,-19,23,-65,33,410,-16878,10680
5257279,2515,3070,2319,2831,3068,16,91,-891,65,49,-445,1,-44,-19,25,-81,30,410,-16761,9708
5257302,2512,3067,2331,2846,3067,18,90,-891,63,49,-446,-14,-130,-10,70,-78,18,410,-16656,9708
5257322,2423,2958,2246,2742,3066,19,88,-890,60,49,-447,-5,132,67,-19,-113,31,410,-16533,9708
5257344,2477,3024,2300,2808,3065,21,88,-890,60,51,-448,-3,-16,11,11,-116,97,410,-16423,9708
5257364,2481,3029,2278,2781,3063,23,88,-889,59,53,-449,9,-63,-32,-53,-126,133,410,-16308,9708
5257386,2482,3030,2254,2752,3060,25,89,-887,59,56,-453,3,-58,-33,-55,-123,133,410,-16197,8769
5257407,2443,2982,2269,2770,3057,27,90,-886,59,58,-454,-6,-45,-4,-20,-109,103,410,-16096,8769
5257427,2489,3039,2263,2763,3055,29,91,-885,58,59,-456,-50,-82,38,19,-84,95,410,-15995,8769
5257448,2480,3028,2251,2748,3052,31,90,-885,57,61,-457,19,-102,-86,33,-113,92,410,-15909,8769
5257468,2458,3001,2225,2716,3051,32,88,-884,55,61,-459,-58,-42,82,95,-73,54,410,-15820,8769
5257488,2463,3007,2227,2719,3050,34,86,-884,52,61,-459,2,-37,-23,138,-93,13,410,-15739,7467
5257508,2467,3012,2239,2733,3050,36,83,-884,50,61,-459,-4,-72,-15,138,-81,-31,410,-15654,7467
5257529,2458,3001,2239,2733,3051,37,80,-885,47,62,-458,2,-41,-23,140,-76,-58,410,-15570,7467
5257550,2448,2989,2238,2732,3052,39,78,-885,44,62,-458,-1,-31,-20,135,-68,-60,410,-15494,7467
5257569,2455,2997,2235,2728,3052,39,78,-885,44,62,-458,-1,-31,-20,135,-68,-60,410,-15441,7467
5257583,2444,2984,2258,2757,3053,41,74,-886,41,62,-457,-1,-40,-21,106,-71,-26,410,-15356,7467
5257605,2448,2989,2242,2737,3053,42,73,-886,39,62,-457,-8,-33,-15,77,-75,-13,410,-15279,6538
5257624,2442,2981,2240,2735,3053,42,73,-886,39,62,-457,-8,-33,-15,77,-75,-13,410,-15229,6538
5257638,2432,2969,2240,2735,3053,45,71,-886,37,64,-457,-7,-38,-7,42,-82,-5,410,-15153,6538
5257657,2454,2996,2237,2731,3053,45,71,-886,37,64,-457,-7,-38,-7,42,-82,-5,410,-15103,6538
5257671,2443,2982,2240,2735,3053,48,71,-886,36,66,-457,-7,-36,11,28,-80,-18,410,-15024,6538
5257692,2438,2976,2243,2738,3054,49,71,-886,35,67,-456,-9,-33,19,23,-76,-34,410,-14954,6538
5257711,2434,2971,2245,2741,3054,49,71,-886,35,67,-456,-9,-33,19,23,-76,-34,410,-14905,5880
5257725,2434,2971,2243,2738,3055,51,71,-886,34,68,-455,-14,-11,24,13,-79,-41,410,-14829,5880
5257746,2434,2971,2247,2743,3056,53,71,-886,34,69,-455,-15,-7,18,4,-80,-28,410,-14760,5880
5257765,2424,2959,2241,2736,3056,53,71,-886,34,69,-455,-15,-7,18,4,-80,-28,410,-14714,5880
5257778,2422,2957,2246,2742,3056,55,71,-887,32,72,-454,-7,-4,-26,-5,-77,-15,410,-14642,5880
5257798,2436,2974,2250,2747,3056,56,71,-887,32,73,-454,-6,-2,-27,0,-75,-16,410,-14577,5880
5257818,2431,2968,2246,2742,3056,58,71,-887,31,74,-454,-11,-6,-30,6,-71,-17,410,-14508,6168
5257838,2417,2951,2252,2749,3057,59,71,-887,31,75,-454,-10,-4,-26,9,-66,-25,410,-14443,6168
5257858,2414,2947,2249,2746,3057,61,70,-887,30,76,-453,-13,-2,-23,16,-60,-26,410,-14383,6168
5257877,2405,2936,2252,2749,3057,61,70,-887,30,76,-453,-13,-2,-23,16,-60,-26,410,-14342,6168
5257890,2407,2938,2258,2757,3058,63,70,-887,29,77,-453,-14,-20,-15,19,-47,-19,410,-14282,6168
5257909,2404,2935,2249,2746,3058,63,70,-887,29,77,-453,-14,-20,-15,19,-47,-19,410,-14242,6168
5257922,2397,2926,2262,2761,3058,63,70,-887,28,77,-453,-18,-9,2,13,-33,-5,410,-14174,5336
5257944,2390,2918,2250,2747,3058,64,70,-887,28,78,-453,-11,-14,0,1,-23,0,410,-14117,5336
5257963,2399,2929,2260,2759,3058,64,70,-887,28,78,-453,-11,-14,0,1,-23,0,410,-14080,5336
5257975,2392,2920,2254,2752,3058,64,70,-887,28,78,-453,-34,-17,34,3,-5,-6,410,-14019,5336
5257996,2382,2908,2256,2754,3058,64,70,-887,28,78,-453,-10,-20,-10,-1,-2,-9,410,-13964,5336
5258016,2386,2913,2250,2747,3058,64,70,-887,29,78,-453,-12,-20,-5,-3,2,-6,410,-13906,5336
5258036,2384,2910,2255,2753,3058,64,70,-887,29,78,-453,-5,-13,-18,5,1,0,410,-13850,4736
5258057,2376,2901,2253,2750,3058,64,70,-887,29,78,-453,-4,-8,-15,-1,0,6,410,-13798,4736
5258077,2377,2902,2246,2742,3058,64,70,-887,29,78,-453,-5,-12,-14,0,-1,3,410,-13746,4736
5258097,2373,2897,2251,2748,3058,64,70,-887,29,78,-453,-4,0,-9,3,-3,-3,410,-13697,4736
5258116,2377,2902,2254,2752,3058,64,70,-887,29,78,-453,-4,0,-9,3,-3,-3,410,-13666,4736
5258128,2367,2890,2248,2744,3058,64,71,-887,29,78,-452,-8,-2,-5,10,-4,-13,410,-13620,4736
5258148,2366,2888,2246,2742,3059,64,70,-887,29,78,-452,-9,-11,3,11,-6,-11,410,-13574,4107
5258168,2381,2907,2247,2743,3059,64,70,-887,29,78,-452,-16,-16,6,5,0,-4,410,-13529,4107
5258187,2373,2897,2238,2732,3059,64,70,-887,29,78,-452,-16,-16,6,5,0,-4,410,-13502,4107
5258199,2366,2888,2250,2747,3059,64,70,-887,29,78,-452,-16,-19,2,3,6,2,410,-13461,4107
5258219,2375,2899,2244,2739,3059,63,70,-887,29,77,-452,-11,-14,1,7,14,3,410,-13421,4107
5258238,2369,2892,2242,2737,3059,63,70,-887,29,77,-452,-11,-14,1,7,14,3,410,-13395,4107
5258250,2365,2887,2232,2725,3059,63,70,-887,29,77,-452,-6,-13,-8,5,25,-3,410,-13358,3513
5258269,2366,2888,2235,2728,3059,63,70,-887,29,77,-452,-6,-13,-8,5,25,-3,410,-13334,3513
5258281,2365,2887,2235,2728,3059,62,71,-887,30,76,-452,-4,-2,-17,1,35,-3,410,-13296,3513
5258301,2362,2884,2231,2724,3059,61,71,-887,30,76,-452,0,0,-20,-3,39,-2,410,-13262,3513
5258319,2363,2885,2236,2730,3059,61,71,-887,30,76,-452,0,0,-20,-3,39,-2,410,-13240,3513
5258332,2364,2886,2232,2725,3059,60,71,-888,31,75,-452,-9,12,-2,7,43,8,410,-13206,3513
5258351,2356,2876,2233,2726,3059,60,71,-888,31,75,-452,-9,12,-2,7,43,8,410,-13184,2871
5258364,2369,2892,2234,2727,3059,58,70,-887,31,74,-452,4,5,-142,10,42,15,410,-13151,2871
5258384,2367,2890,2226,2717,3058,58,70,-887,31,73,-453,10,-129,-14,12,41,15,410,-13118,2871
5258405,2369,2892,2222,2713,3058,57,70,-887,31,72,-453,-1,-2,5,16,43,13,410,-13090,2871
5258423,2364,2886,2222,2713,3058,57,70,-887,31,72,-453,-1,-2,5,16,43,13,410,-13071,2871
5258436,2368,2891,2232,2725,3058,55,70,-887,31,71,-453,2,1,7,20,41,10,410,-13041,2871
5258456,2375,2899,2222,2713,3058,55,69,-887,31,70,-453,-1,-2,9,18,42,12,410,-13014,2682
5258475,2363,2885,2230,2722,3058,55,69,-887,31,70,-453,-1,-2,9,18,42,12,410,-12997,2682
5258487,2368,2891,2229,2721,3058,53,69,-887,32,69,-453,-1,-5,6,8,36,10,410,-12969,2682
5258507,2364,2886,2230,2722,3057,53,68,-887,32,69,-454,8,1,-6,8,33,8,410,-12945,2682
5258525,2371,2894,2226,2717,3057,53,68,-887,32,69,-454,8,1,-6,8,33,8,410,-12929,2682
5258537,2371,2894,2226,2717,3058,52,68,-887,32,68,-454,3,3,-6,-1,28,-2,410,-12903,2682
5258557,2366,2888,2224,2715,3058,51,68,-887,32,67,-454,1,6,0,-5,27,-4,410,-12880,2211
5258575,2362,2884,2226,2717,3058,51,68,-887,32,67,-454,1,6,0,-5,27,-4,410,-12865,2211
5258588,2367,2890,2224,2715,3058,51,68,-887,33,67,-453,10,9,-14,0,25,-8,410,-12841,2211
5258608,2371,2894,2228,2720,3058,50,68,-887,33,66,-453,14,7,-19,0,26,-3,410,-12820,2211
5258626,2367,2890,2230,2722,3058,50,68,-887,33,66,-453,14,7,-19,0,26,-3,410,-12806,2211
5258638,2362,2884,2223,2714,3058,50,68,-888,33,66,-453,5,14,-8,0,21,3,410,-12784,2211
5258658,2368,2891,2227,2719,3058,49,68,-888,33,66,-453,5,13,-5,0,21,3,410,-12764,1914
5258676,2362,2884,2232,2725,3058,49,68,-888,33,66,-453,5,13,-5,0,21,3,410,-12752,1914
5258688,2362,2884,2225,2716,3058,48,68,-888,33,65,-453,-1,10,3,3,26,2,410,-12731,1914
5258708,2364,2886,2224,2715,3058,48,68,-888,33,65,-453,-1,11,0,7,30,0,410,-12713,1914
5258726,2367,2890,2227,2719,3058,48,68,-888,33,65,-453,-1,11,0,7,30,0,410,-12702,1914
5258738,2361,2882,2228,2720,3058,47,68,1111,33,64,-453,3,13,-5,6,28,5,410,-12682,1914
5258758,2374,2898,2220,2710,3058,46,68,-888,34,63,-453,3,10,0,3,30,8,410,-12665,1650
5258776,2360,2881,2219,2709,3058,46,68,-888,34,63,-453,3,10,0,3,30,8,410,-12654,1650
5258788,2367,2890,2218,2708,3058,46,68,-888,34,63,-454,0,7,7,3,27,11,410,-12636,1650
5258808,2357,2877,2216,2705,3058,45,68,-888,34,62,-454,3,11,-1,3,28,10,410,-12620,1650
5258826,2360,2881,2221,2711,3058,45,68,-888,34,62,-454,3,11,-1,3,28,10,410,-12610,1650
5258838,2363,2885,2226,2717,3058,45,68,-888,34,62,-454,1,6,-6,0,24,-4,410,-12592,1650
5258858,2364,2886,2229,2721,3058,44,67,-888,34,61,-454,1,14,2,-3,18,-5,410,-12577,1466
5258876,2367,2890,2211,2699,3058,44,67,-888,34,61,-454,1,14,2,-3,18,-5,410,-12568,1466
5258889,2359,2880,2220,2710,3058,43,67,-888,35,61,-454,4,17,2,-3,12,-1,410,-12552,1466
5258909,2362,2884,2222,2713,3058,43,67,-888,35,61,-454,7,16,-1,2,8,2,410,-12538,1466
5258928,2365,2887,2228,2720,3058,43,67,-888,35,61,-454,7,16,-1,2,8,2,410,-12529,1466
5258940,2366,2888,2211,2699,3058,43,67,-888,34,61,-454,4,9,3,1,0,2,410,-12516,1466
5258959,2358,2879,2212,2700,3058,43,67,-888,34,61,-454,4,9,3,1,0,2,410,-12508,1138
5258971,2371,2894,2216,2705,3058,43,67,-888,34,61,-454,7,4,0,1,-2,-3,410,-12496,1138
5258989,2362,2884,2212,2700,3058,43,67,-888,34,61,-454,7,4,0,1,-2,-3,410,-12489,1138
5259001,2358,2879,2220,2710,3058,43,67,-888,34,61,-453,7,3,-2,3,-6,-7,410,-12479,1138
5259020,2358,2879,2210,2698,3058,43,67,-888,34,61,-453,7,3,-2,3,-6,-7,410,-12472,1138
5259032,2352,2871,2212,2700,3058,43,67,-888,34,61,-453,7,2,-4,3,-8,1,410,-12463,1138
5259051,2367,2890,2221,2711,3058,43,67,-888,34,61,-453,7,2,-4,3,-8,1,410,-12457,1138
5259063,2367,2890,2215,2704,3058,44,67,-888,34,61,-453,6,2,-2,4,-8,2,410,-12449,961
5259081,2364,2886,2209,2697,3058,44,67,-888,34,61,-453,6,2,-2,4,-8,2,410,-12443,961
5259093,2360,2881,2215,2704,3058,44,67,-888,34,61,-454,5,1,-9,1,-10,-1,410,-12436,961
5259111,2365,2887,2219,2709,3058,44,67,-888,34,61,-454,5,1,-9,1,-10,-1,410,-12432,961
5259123,2367,2890,2213,2702,3058,45,67,-888,34,61,-454,0,2,-3,0,-9,-3,410,-12426,961
5259141,2361,2882,2220,2710,3058,45,67,-888,34,61,-454,0,2,-3,0,-9,-3,410,-12422,961
5259153,2367,2890,2214,2703,3058,45,67,-888,34,62,-454,-2,2,-3,0,-8,-3,410,-12417,961
5259171,2365,2887,2222,2713,3058,45,67,-888,34,62,-454,-2,2,-3,0,-8,-3,410,-12415,524
5259183,2361,2882,2204,2691,3058,45,67,-888,34,62,-454,-2,7,-4,3,-7,-3,410,-12411,524
5259202,2368,2891,2219,2709,3058,45,67,-888,34,62,-454,-2,7,-4,3,-7,-3,410,-12409,524
5259213,2360,2881,2221,2711,3058,45,67,-888,34,62,-454,-4,7,9,3,-10,0,410,-12406,524
5259232,2363,2885,2214,2703,3058,45,67,-888,34,62,-454,-4,7,9,3,-10,0,410,-12405,524
5259243,2360,2881,2223,2714,3058,45,67,-888,34,62,-454,-2,0,2,5,-11,0,410,-12404,524
5259261,2361,2882,2222,2713,3058,45,67,-888,34,62,-454,-2,0,2,5,-11,0,410,-12404,524
5259273,2368,2891,2224,2715,3058,46,67,-888,33,62,-454,0,1,0,9,-15,-1,410,-12404,179
5259292,2359,2880,2210,2698,3058,46,67,-888,33,62,-454,0,1,0,9,-15,-1,410,-12404,179
5259303,2352,2871,2225,2716,3058,46,66,-888,33,63,-454,-1,11,-5,9,-16,-5,410,-12404,179
5259321,2358,2879,2232,2725,3058,46,66,-888,33,63,-454,-1,11,-5,9,-16,-5,410,-12404,179
5259333,2364,2886,2224,2715,3058,46,66,-888,33,63,-453,0,22,-13,-2,-16,-11,410,-12404,179
5259352,2367,2890,2216,2705,3058,46,66,-888,33,63,-453,0,22,-13,-2,-16,-11,410,-12404,179
5259364,2357,2877,2220,2710,3058,47,66,-888,32,63,-453,-1,38,-10,-8,-8,-18,410,-12404,179
5259383,2355,2875,2223,2714,3058,47,66,-888,32,63,-453,-1,38,-10,-8,-8,-18,410,-12404,0
5259395,2352,2871,2228,2720,3059,47,66,-888,32,63,-453,-5,44,-3,-6,-3,-15,410,-12404,0
5259412,2350,2869,2224,2715,3059,47,66,-888,32,63,-453,-5,44,-3,-6,-3,-15,410,-12404,0
5259424,2357,2877,2221,2711,3059,47,65,-888,31,63,-452,-7,39,2,1,-5,-1,410,-12404,0
5259442,2366,2888,2219,2709,3059,47,65,-888,31,63,-452,-7,39,2,1,-5,-1,410,-12404,0
5259454,2357,2877,2224,2715,3059,47,64,-888,31,62,-453,-2,27,0,6,-3,10,410,-12404,0
5259471,2359,2880,2235,2728,3059,47,64,-888,31,62,-453,-2,27,0,6,-3,10,410,-12404,0
5259483,2363,2885,2219,2709,3059,47,63,-888,30,62,-453,-5,17,1,8,8,6,410,-12404,0
5259501,2354,2874,2224,2715,3059,47,63,-888,30,62,-453,-5,17,1,8,8,6,410,-12404,0
5259513,2358,2879,2222,2713,3059,46,63,-888,30,62,-453,-8,14,0,5,21,3,410,-12404,0
5259530,2348,2866,2220,2710,3059,46,63,-888,30,62,-453,-8,14,0,5,21,3,410,-12404,0
5259542,2360,2881,2223,2714,3059,46,63,-888,30,61,-453,-8,18,-2,-3,26,9,410,-12404,0
5259561,2363,2885,2214,2703,3059,46,63,-888,30,61,-453,-8,18,-2,-3,26,9,410,-12404,0
5259572,2365,2887,2231,2724,3058,45,63,-888,31,60,-453,-10,24,0,-10,16,10,410,-12404,0
5259591,2352,2871,2217,2706,3058,45,63,-888,31,60,-453,-10,24,0,-10,16,10,410,-12404,0
5259603,2361,2882,2210,2698,3058,45,63,-888,31,60,-453,-4,29,-2,-6,5,5,410,-12404,0
5259622,2359,2880,2202,2688,3058,45,63,-888,31,60,-453,-4,29,-2,-6,5,5,410,-12404,0
5259633,2354,2874,2215,2704,3058,45,62,-888,30,60,-453,-1,31,-2,0,5,-1,410,-12404,0
5259652,2365,2887,2212,2700,3058,45,62,-888,30,60,-453,-1,31,-2,0,5,-1,410,-12404,0
5259663,2357,2877,2217,2706,3058,45,62,-888,30,59,-453,-1,30,-3,2,8,4,410,-12404,0
5259682,2362,2884,2220,2710,3058,45,62,-888,30,59,-453,-1,30,-3,2,8,4,410,-12404,0
5259693,2361,2882,2217,2706,3058,44,61,-888,30,59,-453,-1,21,-5,3,13,14,410,-12404,0
5259712,2368,2891,2211,2699,3058,44,61,-888,30,59,-453,-1,21,-5,3,13,14,410,-12404,0
5259724,2362,2884,2215,2704,3058,43,61,-888,30,58,-454,-6,16,0,5,15,10,410,-12404,0
5259742,2363,2885,2223,2714,3058,43,61,-888,30,58,-454,-6,16,0,5,15,10,410,-12404,0
5259753,2363,2885,2209,2697,3058,43,61,-888,30,58,-454,-4,12,7,8,5,-3,410,-12404,0
5259772,2362,2884,2223,2714,3058,43,61,-888,30,58,-454,-4,12,7,8,5,-3,410,-12404,0
5259783,2367,2890,2213,2702,3058,43,61,-888,30,58,-454,1,13,0,5,-1,-10,410,-12404,0
5259802,2359,2880,2221,2711,3058,43,61,-888,30,58,-454,1,13,0,5,-1,-10,410,-12404,0
5259813,2356,2876,2212,2700,3058,43,60,-888,29,58,-453,1,15,4,-3,5,-6,410,-12404,0
5259832,2363,2885,2219,2709,3058,43,60,-888,29,58,-453,1,15,4,-3,5,-6,410,-12404,0
5259843,2358,2879,2231,2724,3058,43,60,-888,29,57,-453,0,18,8,-5,11,0,410,-12404,0
5259861,2352,2871,2220,2710,3058,43,60,-888,29,57,-453,0,18,8,-5,11,0,410,-12404,0
5259873,2357,2877,2217,2706,3058,43,60,-888,29,57,-453,0,19,-6,-4,14,0,410,-12404,0
5259891,2355,2875,2212,2700,3058,43,60,-888,29,57,-453,0,19,-6,-4,14,0,410,-12404,0
5259903,2367,2890,2226,2717,3058,42,60,-888,29,57,-453,-2,18,-3,-1,5,0,410,-12404,0
5259922,2348,2866,2221,2711,3058,42,60,-888,29,57,-453,-2,18,-3,-1,5,0,410,-12404,0
5259933,2352,2871,2222,2713,3058,42,60,-888,29,57,-453,2,21,-15,-1,4,-1,410,-12404,0
5259952,2352,2871,2214,2703,3058,42,60,-888,29,57,-453,2,21,-15,-1,4,-1,410,-12404,0
5259964,2365,2887,2214,2703,3058,42,60,-888,29,56,-453,0,21,-12,0,14,3,410,-12404,0
5259982,2353,2873,2216,2705,3058,42,60,-888,29,56,-453,0,21,-12,0,14,3,410,-12404,0
5259994,2349,2868,2216,2705,3058,41,59,-888,29,56,-453,-1,18,-3,-1,18,6,410,-12404,0
5260012,2352,2871,2217,2706,3058,41,59,-888,29,56,-453,-1,18,-3,-1,18,6,410,-12404,0
5260024,2359,2880,2212,2700,3058,41,59,-888,29,55,-454,-3,19,0,0,12,10,410,-12404,0
5260042,2353,2873,2217,2706,3058,41,59,-888,29,55,-454,-3,19,0,0,12,10,410,-12404,0
5260054,2359,2880,2219,2709,3058,41,59,-888,29,55,-454,-3,14,3,2,8,7,410,-12404,0
5260072,2352,2871,2212,2700,3058,41,59,-888,29,55,-454,-3,14,3,2,8,7,410,-12404,0
5260084,2360,2881,2220,2710,3058,40,58,-888,29,55,-454,-1,15,5,3,6,7,410,-12404,0
5260102,2360,2881,2212,2700,3058,40,58,-888,29,55,-454,-1,15,5,3,6,7,410,-12404,0
5260113,2358,2879,2209,2697,3057,40,58,-888,29,55,-454,-1,11,1,1,5,4,410,-12404,0
5260132,2354,2874,2212,2700,3057,40,58,-888,29,55,-454,-1,11,1,1,5,4,410,-12404,0
5260144,2361,2882,2213,2702,3057,40,58,-888,29,55,-454,0,12,-1,-1,0,-2,410,-12404,0
5260162,2356,2876,2214,2703,3057,40,58,-888,29,55,-454,0,12,-1,-1,0,-2,410,-12404,0
5260174,2359,2880,2219,2709,3057,40,58,-888,29,55,-454,3,14,-4,-2,-5,-6,410,-12404,0
5260193,2358,2879,2214,2703,3057,40,58,-888,29,55,-454,3,14,-4,-2,-5,-6,410,-12404,0
5260204,2358,2879,2216,2705,3057,40,58,-888,29,55,-454,5,17,-1,-6,-8,0,410,-12404,0
5260223,2366,2888,2209,2697,3057,40,58,-888,29,55,-454,5,17,-1,-6,-8,0,410,-12404,0
5260234,2356,2876,2213,2702,3057,41,58,-888,28,55,-454,5,18,-4,-5,-7,3,410,-12404,0
5260253,2357,2877,2217,2706,3057,41,58,-888,28,55,-454,5,18,-4,-5,-7,3,410,-12404,0
5260264,2379,2904,2209,2697,3057,41,58,-888,28,55,-454,2,21,-2,0,-8,-5,410,-12404,0
5260283,2358,2879,2217,2706,3057,41,58,-888,28,55,-454,2,21,-2,0,-8,-5,410,-12404,0
5260294,2367,2890,2212,2700,3058,41,58,-888,28,55,-454,2,19,-3,6,-6,-6,410,-12404,0
5260313,2389,2916,2210,2698,3058,41,58,-888,28,55,-454,2,19,-3,6,-6,-6,410,-12404,0
5260325,2352,2871,2219,2709,3058,41,57,-888,27,55,-454,2,13,-5,7,-11,0,410,-12404,0
5260343,2357,2877,2219,2709,3058,41,57,-888,27,55,-454,2,13,-5,7,-11,0,410,-12404,0
5260355,2366,2888,2217,2706,3058,42,57,-888,27,56,-454,1,8,1,1,-11,8,410,-12404,0
5260373,2355,2875,2216,2705,3058,42,57,-888,27,56,-454,1,8,1,1,-11,8,410,-12404,0
5260384,2356,2876,2216,2705,3057,42,57,-888,27,56,-454,-3,3,0,1,-8,-1,410,-12404,0
5260403,2356,2876,2222,2713,3057,42,57,-888,27,56,-454,-3,3,0,1,-8,-1,410,-12404,0
5260414,2353,2873,2219,2709,3058,43,57,-888,27,56,-454,-5,11,-1,0,-10,-10,410,-12404,0
5260433,2359,2880,2224,2715,3058,43,57,-888,27,56,-454,-5,11,-1,0,-10,-10,410,-12404,0
5260445,2383,2909,2221,2711,3058,43,56,-888,27,56,-454,-4,15,2,-5,-18,-4,410,-12404,0
5260464,2357,2877,2219,2709,3058,43,56,-888,27,56,-454,-4,15,2,-5,-18,-4,410,-12404,0
5260476,2354,2874,2211,2699,3058,43,56,-888,26,57,-454,-5,18,-3,-6,-21,5,410,-12404,0
5260494,2343,2860,2220,2710,3058,43,56,-888,26,57,-454,-5,18,-3,-6,-21,5,410,-12404,0
5260506,2356,2876,2219,2709,3058,44,56,-888,26,57,-454,-6,14,-6,0,-18,-2,410,-12404,0
5260524,2356,2876,2208,2695,3058,44,56,-888,26,57,-454,-6,14,-6,0,-18,-2,410,-12404,0
5260536,2352,2871,2217,2706,3058,45,56,-888,26,57,-454,-4,13,-5,1,-14,-12,410,-12404,0
5260554,2352,2871,2218,2708,3058,45,56,-888,26,57,-454,-4,13,-5,1,-14,-12,410,-12404,0
5260566,2358,2879,2216,2705,3058,45,56,-888,26,58,-453,-7,14,-6,1,-12,-7,410,-12404,0
5260585,2351,2870,2219,2709,3058,45,56,-888,26,58,-453,-7,14,-6,1,-12,-7,410,-12404,0
5260596,2359,2880,2219,2709,3058,45,56,-888,25,58,-453,-5,11,0,0,-17,0,410,-12404,0
5260615,2360,2881,2212,2700,3058,45,56,-888,25,58,-453,-5,11,0,0,-17,0,410,-12404,0
5260626,2349,2868,2216,2705,3058,46,56,-888,25,58,-453,-6,11,-4,-1,-9,3,410,-12404,0
5260645,2347,2865,2213,2702,3058,46,56,-888,25,58,-453,-6,11,-4,-1,-9,3,410,-12404,0
5260657,2359,2880,2215,2704,3058,46,56,-888,25,58,-453,-6,11,0,1,0,0,410,-12404,0
5260675,2357,2877,2211,2699,3058,46,56,-888,25,58,-453,-6,11,0,1,0,0,410,-12404,0
5260686,2350,2869,2215,2704,3058,46,56,-888,25,58,-453,-6,11,-3,-1,6,0,410,-12404,0
5260704,2356,2876,2227,2719,3058,46,56,-888,25,58,-453,-6,11,-3,-1,6,0,410,-12404,0
5260716,2359,2880,2211,2699,3058,45,56,-888,25,58,-453,-5,10,1,-1,7,1,410,-12404,0
5260735,2361,2882,2224,2715,3058,45,56,-888,25,58,-453,-5,10,1,-1,7,1,410,-12404,0
5260747,2348,2866,2212,2700,3058,45,56,-888,25,58,-453,-4,10,-3,-1,1,0,410,-12404,0
5260765,2359,2880,2214,2703,3058,45,56,-888,25,58,-453,-4,10,-3,-1,1,0,410,-12404,0
5260777,2358,2879,2219,2709,3058,45,56,-888,25,58,-453,0,12,-10,-2,1,-2,410,-12404,0
5260795,2353,2873,2219,2709,3058,45,56,-888,25,58,-453,0,12,-10,-2,1,-2,410,-12404,0
5260807,2358,2879,2224,2715,3058,45,56,-888,25,58,-453,-5,10,-2,-1,3,-7,410,-12404,0
5260826,2360,2881,2217,2706,3058,45,56,-888,25,58,-453,-5,10,-2,-1,3,-7,410,-12404,0
5260837,2361,2882,2219,2709,3058,45,56,-888,25,58,-453,-7,15,-2,-1,2,-2,410,-12404,0
5260856,2357,2877,2223,2714,3058,45,56,-888,25,58,-453,-7,15,-2,-1,2,-2,410,-12404,0
5260868,2356,2876,2220,2710,3058,45,56,-888,25,58,-453,-9,9,1,-3,2,3,410,-12404,0
5260886,2352,2871,2217,2706,3058,45,56,-888,25,58,-453,-9,9,1,-3,2,3,410,-12404,0
5260898,2360,2881,2216,2705,3058,45,56,-888,25,58,-453,-6,6,-3,-3,0,1,410,-12404,0
5260916,2363,2885,2219,2709,3058,45,56,-888,25,58,-453,-6,6,-3,-3,0,1,410,-12404,0
5260927,2366,2888,2216,2705,3058,45,56,-888,25,58,-453,-1,8,-7,-1,5,-7,410,-12404,0
5260946,2367,2890,2222,2713,3058,45,56,-888,25,58,-453,-1,8,-7,-1,5,-7,410,-12404,0
5260957,2355,2875,2229,2721,3059,45,56,-889,25,58,-453,-8,11,5,-3,11,-11,410,-12404,0
5260976,2365,2887,2216,2705,3059,45,56,-889,25,58,-453,-8,11,5,-3,11,-11,410,-12404,0
5260988,2358,2879,2221,2711,3059,45,56,-889,25,57,-453,-7,10,7,-8,12,0,410,-12404,0
5261006,2350,2869,2220,2710,3059,45,56,-889,25,57,-453,-7,10,7,-8,12,0,410,-12404,0
5261018,2355,2875,2223,2714,3059,45,56,-889,26,57,-453,-3,7,2,-11,10,12,410,-12404,0
5261036,2356,2876,2220,2710,3059,45,56,-889,26,57,-453,-3,7,2,-11,10,12,410,-12404,0
5261048,2359,2880,2213,2702,3059,44,56,-888,26,57,-453,0,7,-13,-13,10,10,410,-12404,0
5261066,2355,2875,2217,2706,3059,44,56,-888,26,57,-453,0,7,-13,-13,10,10,410,-12404,0
5261078,2352,2871,2216,2705,3058,44,57,-888,27,57,-453,1,5,-20,-12,8,1,410,-12404,0
5261097,2344,2862,2220,2710,3058,44,57,-888,27,57,-453,1,5,-20,-12,8,1,410,-12404,0
5261109,2356,2876,2219,2709,3058,44,57,-888,27,57,-453,-2,8,-8,-14,3,-8,410,-12404,0
5261126,2355,2875,2219,2709,3058,44,57,-888,27,57,-453,-2,8,-8,-14,3,-8,410,-12404,0
5261138,2366,2888,2218,2708,3059,44,58,-889,27,57,-453,-5,9,3,-18,1,-3,410,-12404,0
5261156,2359,2880,2210,2698,3059,44,58,-889,27,57,-453,-5,9,3,-18,1,-3,410,-12404,0
5261168,2357,2877,2216,2705,3059,44,58,-888,28,58,-453,-9,9,11,-22,4,7,410,-12404,0
5261187,2352,2871,2220,2710,3059,44,58,-888,28,58,-453,-9,9,11,-22,4,7,410,-12404,0
5261198,2356,2876,2213,2702,3059,44,59,-888,28,58,-453,-8,10,8,-22,6,8,410,-12404,0
5261217,2352,2871,2214,2703,3059,44,59,-888,28,58,-453,-8,10,8,-22,6,8,410,-12404,0
5261228,2357,2877,2217,2706,3058,43,60,-888,29,58,-453,-6,6,0,-21,9,2,410,-12404,0
5261247,2359,2880,2213,2702,3058,43,60,-888,29,58,-453,-6,6,0,-21,9,2,410,-12404,0
5261258,2354,2874,2210,2698,3058,43,60,-888,30,58,-453,-4,10,-12,-21,8,-3,410,-12403,0
5261276,2353,2873,2224,2715,3058,43,60,-888,30,58,-453,-4,10,-12,-21,8,-3,410,-12403,15
5261288,2354,2874,2208,2695,3058,43,61,-888,30,58,-453,-2,10,-18,-24,12,-1,410,-12403,15
5261307,2363,2885,2212,2700,3058,43,61,-888,30,58,-453,-2,10,-18,-24,12,-1,410,-12403,15
5261320,2360,2881,2212,2700,3059,43,62,-888,31,58,-453,-5,10,-5,-28,13,4,410,-12403,15
5261338,2355,2875,2208,2695,3059,43,62,-888,31,58,-453,-5,10,-5,-28,13,4,410,-12403,15
5261350,2359,2880,2222,2713,3059,42,63,-888,32,58,-453,-2,7,-7,-31,6,3,410,-12403,15
5261368,2359,2880,2208,2695,3059,42,63,-888,32,58,-453,-2,7,-7,-31,6,3,410,-12403,15
5261379,2355,2875,2210,2698,3059,42,63,-888,33,58,-453,-3,12,9,-28,8,-1,410,-12403,0
5261398,2357,2877,2209,2697,3059,42,63,-888,33,58,-453,-3,12,9,-28,8,-1,410,-12403,0
5261410,2352,2871,2219,2709,3059,42,64,-888,33,58,-453,-4,17,11,-20,7,-8,410,-12403,0
5261427,2352,2871,2209,2697,3059,42,64,-888,33,58,-453,-4,17,11,-20,7,-8,410,-12403,0
5261439,2352,2871,2211,2699,3059,41,65,-888,34,58,-452,2,26,-4,-15,8,-10,410,-12403,0
5261458,2352,2871,2208,2695,3059,41,65,-888,34,58,-452,2,26,-4,-15,8,-10,410,-12403,0
5261470,2353,2873,2221,2711,3060,41,65,-888,34,59,-452,0,26,0,-9,2,-3,410,-12403,0
5261488,2360,2881,2209,2697,3060,41,65,-888,34,59,-452,0,26,0,-9,2,-3,410,-12403,0
5261499,2354,2874,2211,2699,3060,41,65,-888,34,58,-452,3,22,-11,-3,-2,3,410,-12403,0
5261518,2352,2871,2204,2691,3060,41,65,-888,34,58,-452,3,22,-11,-3,-2,3,410,-12403,0
5261529,2353,2873,2207,2694,3060,41,65,-888,33,58,-452,0,19,-12,4,-6,3,410,-12403,0
5261548,2346,2864,2208,2695,3060,41,65,-888,33,58,-452,0,19,-12,4,-6,3,410,-12403,0
5261559,2358,2879,2223,2714,3060,42,65,-889,33,58,-452,-1,16,4,11,-6,-5,410,-12403,0
5261578,2343,2860,2209,2697,3060,42,65,-889,33,58,-452,-1,16,4,11,-6,-5,410,-12403,0
5261589,2355,2875,2200,2686,3060,42,64,-889,32,58,-452,-3,12,6,15,-10,-6,410,-12403,0
5261608,2353,2873,2204,2691,3060,42,64,-889,32,58,-452,-3,12,6,15,-10,-6,410,-12403,0
5261620,2348,2866,2211,2699,3060,42,63,-889,32,58,-452,-4,7,6,16,-8,3,410,-12403,0
5261637,2353,2873,2200,2686,3060,42,63,-889,32,58,-452,-4,7,6,16,-8,3,410,-12403,0
5261648,2357,2877,2217,2706,3060,43,63,-888,31,58,-453,-8,0,6,11,-7,11,410,-12403,0
5261667,2352,2871,2208,2695,3060,43,63,-888,31,58,-453,-8,0,6,11,-7,11,410,-12403,0
5261679,2358,2879,2216,2705,3059,43,63,-888,31,58,-453,-4,1,-11,8,-8,9,410,-12404,0
5261697,2359,2880,2209,2697,3059,43,63,-888,31,58,-453,-4,1,-11,8,-8,9,410,-12404,-15
5261709,2352,2871,2210,2698,3059,43,62,-888,31,58,-453,-4,-1,-9,5,-6,-4,410,-12404,-15
5261728,2353,2873,2212,2700,3059,43,62,-888,31,58,-453,-4,-1,-9,5,-6,-4,410,-12404,-15
5261740,2355,2875,2208,2695,3059,43,62,-888,31,59,-453,-3,6,-9,3,-13,-10,410,-12404,-15
5261758,2355,2875,2215,2704,3059,43,62,-888,31,59,-453,-3,6,-9,3,-13,-10,410,-12404,-15
5261770,2348,2866,2213,2702,3059,43,62,-889,31,59,-452,-4,7,-4,-1,-16,-8,410,-12404,-15
5261788,2353,2873,2215,2704,3059,43,62,-889,31,59,-452,-4,7,-4,-1,-16,-8,410,-12404,-15
5261800,2348,2866,2210,2698,3060,44,62,-888,30,59,-452,-6,4,3,-5,-15,3,410,-12404,0
5261819,2367,2890,2213,2702,3060,44,62,-888,30,59,-452,-6,4,3,-5,-15,3,410,-12404,0
5261830,2352,2871,2210,2698,3060,45,62,-888,30,60,-452,-4,2,3,-6,-17,0,410,-12403,0
5261849,2336,2852,2218,2708,3060,45,62,-888,30,60,-452,-4,2,3,-6,-17,0,410,-12403,0
5261860,2357,2877,2208,2695,3060,45,63,-888,30,60,-452,-5,3,10,-5,-15,-6,410,-12403,0
5261878,2359,2880,2205,2692,3060,45,63,-888,30,60,-452,-5,3,10,-5,-15,-6,410,-12403,0
5261890,2354,2874,2212,2700,3060,45,62,-889,30,60,-452,-5,8,-1,-4,-18,-10,410,-12403,0
5261908,2352,2871,2212,2700,3060,45,62,-889,30,60,-452,-5,8,-1,-4,-18,-10,410,-12403,15
5261921,2368,2891,2213,2702,3060,46,63,-889,30,61,-452,-4,6,-5,-8,-17,-3,410,-12403,15
5261938,2357,2877,2203,2689,3060,46,63,-889,30,61,-452,-4,6,-5,-8,-17,-3,410,-12403,15
5261950,2359,2880,2210,2698,3060,46,63,-889,30,61,-452,-5,3,-8,-12,-15,2,410,-12403,15
5261969,2352,2871,2214,2703,3060,46,63,-889,30,61,-452,-5,3,-8,-12,-15,2,410,-12403,15
5261981,2352,2871,2212,2700,3060,47,63,-889,30,62,-452,-5,3,-15,-15,-13,0,410,-12403,15
5261999,2352,2871,2208,2695,3060,47,63,-889,30,62,-452,-5,3,-15,-15,-13,0,410,-12403,15
5262011,2352,2871,2214,2703,3060,47,63,-889,30,62,-452,-6,10,-2,-13,-12,-7,410,-12403,0
5262029,2345,2863,2223,2714,3060,47,63,-889,30,62,-452,-6,10,-2,-13,-12,-7,410,-12403,0
5262041,2349,2868,2214,2703,3060,48,64,-889,30,63,-452,-6,18,-4,-11,-11,-13,410,-12403,0
5262060,2355,2875,2216,2705,3060,48,64,-889,30,63,-452,-6,18,-4,-11,-11,-13,410,-12403,0
5262072,2354,2874,2208,2695,3060,48,64,-889,30,63,-452,-8,18,-4,-6,-11,0,410,-12403,0
5262090,2353,2873,2214,2703,3060,48,64,-889,30,63,-452,-8,18,-4,-6,-11,0,410,-12403,0
5262102,2363,2885,2210,2698,3060,48,64,-889,30,63,-452,-11,18,6,-1,-6,6,410,-12403,0
5262120,2352,2871,2214,2703,3060,48,64,-889,30,63,-452,-11,18,6,-1,-6,6,410,-12403,0
5262132,2352,2871,2208,2695,3060,48,63,-889,30,63,-452,-7,16,-3,5,-6,6,410,-12403,0
5262150,2346,2864,2210,2698,3060,48,63,-889,30,63,-452,-7,16,-3,5,-6,6,410,-12403,0
5262162,2356,2876,2214,2703,3060,48,63,-889,30,63,-452,-9,14,-3,11,0,1,410,-12403,0
5262180,2351,2870,2219,2709,3060,48,63,-889,30,63,-452,-9,14,-3,11,0,1,410,-12403,0
5262191,2354,2874,2212,2700,3060,48,63,-889,29,62,-452,-9,12,0,15,1,8,410,-12403,0
5262209,2354,2874,2216,2705,3060,48,63,-889,29,62,-452,-9,12,0,15,1,8,410,-12403,0
5262221,2365,2887,2214,2703,3060,48,62,-888,29,62,-452,-8,5,-1,14,0,10,410,-12403,0
5262238,2359,2880,2208,2695,3060,48,62,-888,29,62,-452,-8,5,-1,14,0,10,410,-12403,0
5262250,2357,2877,2216,2705,3060,48,62,-888,29,62,-452,-8,-1,-3,12,-2,13,410,-12403,0
5262269,2357,2877,2220,2710,3060,48,62,-888,29,62,-452,-8,-1,-3,12,-2,13,410,-12403,0
5262281,2350,2869,2216,2705,3059,48,61,-888,28,62,-453,-10,-3,0,8,1,13,410,-12403,0
5262299,2357,2877,2208,2695,3059,48,61,-888,28,62,-453,-10,-3,0,8,1,13,410,-12403,0
5262311,2353,2873,2211,2699,3058,48,61,-888,29,62,-453,-12,-5,-2,4,8,13,410,-12406,0
5262329,2355,2875,2218,2708,3058,48,61,-888,29,62,-453,-12,-5,-2,4,8,13,410,-12410,-108
5262341,2349,2868,2213,2702,3058,47,61,-888,29,61,-454,-8,-39,-15,40,8,33,410,-12421,-108
5262360,2359,2880,2216,2705,3058,47,61,-888,29,61,-454,-8,-39,-15,40,8,33,410,-12430,-108
5262373,2359,2880,2216,2705,3057,47,60,-887,27,60,-455,-12,-37,-15,125,13,40,410,-12449,-108
5262392,2374,2898,2239,2733,3057,47,60,-887,27,60,-455,-12,-37,-15,125,13,40,410,-12465,-108
5262405,2367,2890,2202,2688,3055,46,55,-887,24,58,-456,5,-39,-25,214,16,59,410,-12485,-108
5262423,2354,2874,2211,2699,3055,46,55,-887,24,58,-456,5,-39,-25,214,16,59,410,-12494,-108
5262435,2376,2901,2215,2704,3052,45,50,-886,20,55,-458,11,32656,-45,155,29,105,410,-12505,-1493
5262456,2368,2891,2200,2686,3050,45,50,-885,21,55,-460,-21,-108,9,-86,15,106,410,-12518,-1493
5262475,2356,2876,2209,2697,3050,45,50,-885,21,55,-460,-21,-108,9,-86,15,106,410,-12531,-1493
5262488,2362,2884,2235,2728,3050,43,53,-885,23,55,-460,-15,-61,0,-7,49,-66,410,-12557,-1493
5262509,2357,2877,2234,2727,3051,43,53,-886,23,55,-459,-15,-41,15,41,52,-90,410,-12581,-1493
5262527,2363,2885,2213,2702,3051,43,53,-886,23,55,-459,-15,-41,15,41,52,-90,410,-12596,-1493
5262540,2358,2879,2209,2697,3053,41,50,-886,22,53,-458,-5,-39,4,-3,36,31,410,-12622,-1841
5262560,2376,2901,2209,2697,3051,41,51,-886,23,52,-459,1,-46,-17,-68,37,99,410,-12649,-1841
5262579,2373,2897,2218,2708,3051,41,51,-886,23,52,-459,1,-46,-17,-68,37,99,410,-12671,-1841
5262592,2368,2891,2208,2695,3049,40,53,-885,25,52,-461,-6,-64,-15,17,47,63,410,-12705,-1841
5262612,2368,2891,2217,2706,3048,38,53,-884,25,51,-462,-11,32692,7,45,51,10,410,-12736,-1841
5262631,2380,2905,2219,2709,3048,38,53,-884,25,51,-462,-11,32692,7,45,51,10,410,-12758,-1841
5262644,2371,2894,2220,2710,3048,36,53,-885,27,50,-461,-5,-51,-23,-35,41,-17,410,-12794,-2756
5262663,2369,2892,2219,2709,3048,36,53,-885,27,50,-461,-5,-51,-23,-35,41,-17,410,-12821,-2756
5262676,2377,2902,2209,2697,3048,35,56,-885,29,50,-461,-6,-33,-13,4,40,-10,410,-12865,-2756
5262696,2378,2903,2209,2697,3048,34,56,-885,30,49,-461,-11,-41,7,25,43,16,410,-12913,-2756
5262718,2383,2909,2201,2687,3048,33,56,-884,30,49,-462,-11,-55,1,4,47,49,410,-12955,-2756
5262736,2393,2921,2209,2697,3048,33,56,-884,30,49,-462,-11,-55,1,4,47,49,410,-12986,-2756
5262749,2376,2901,2207,2694,3046,31,58,-884,32,48,-463,-12,-61,-5,-1,52,25,410,-13040,-3888
5262771,2385,2912,2211,2699,3046,30,60,-884,34,48,-463,-8,-65,-9,6,57,-3,410,-13089,-3888
5262790,2385,2912,2209,2697,3046,30,60,-884,34,48,-463,-8,-65,-9,6,57,-3,410,-13123,-3888
5262802,2392,2920,2220,2710,3046,28,61,-884,37,47,-463,-10,-39,-5,-22,54,-2,410,-13180,-3888
5262822,2385,2912,2211,2699,3046,26,63,-884,37,46,-463,-1,-38,-25,-5,57,22,410,-13237,-3888
5262841,2385,2912,2202,2688,3046,26,63,-884,37,46,-463,-1,-38,-25,-5,57,22,410,-13277,-3888
5262854,2388,2915,2221,2711,3045,24,65,-883,40,45,-464,-2,-60,-10,8,60,50,410,-13339,-4730
5262874,2395,2924,2217,2706,3044,23,65,-882,41,45,-465,0,-61,-14,-13,61,50,410,-13400,-4730
5262893,2392,2920,2217,2706,3044,23,65,-882,41,45,-465,0,-61,-14,-13,61,50,410,-13444,-4730
5262906,2388,2915,2231,2724,3043,21,68,-882,43,44,-465,-2,-58,-14,-1,68,7,410,-13509,-4730
5262925,2387,2914,2216,2705,3043,21,68,-882,43,44,-465,-2,-58,-14,-1,68,7,410,-13556,-4730
5262938,2376,2901,2218,2708,3043,19,69,-882,45,43,-465,4,-40,-10,1,61,-1,410,-13634,-4730
5262960,2383,2909,2222,2713,3043,18,70,-882,46,43,-465,-4,-38,6,-18,54,12,410,-13708,-5786
5262979,2394,2923,2224,2715,3043,18,70,-882,46,43,-465,-4,-38,6,-18,54,12,410,-13759,-5786
5262992,2364,2886,2216,2705,3043,16,71,-882,47,42,-466,6,-24,-5,6,55,16,410,-13842,-5786
5263013,2395,2924,2232,2725,3042,15,71,-882,48,41,-466,-2,-21,2,0,56,10,410,-13919,-5786
5263032,2384,2910,2236,2730,3042,15,71,-882,48,41,-466,-2,-21,2,0,56,10,410,-13971,-5786
5263045,2379,2904,2235,2728,3042,14,71,-882,49,40,-466,-2,-8,4,-11,51,5,410,-14055,-5786
5263064,2374,2898,2227,2719,3042,14,71,-882,49,40,-466,-2,-8,4,-11,51,5,410,-14112,-6442
5263078,2375,2899,2219,2709,3042,12,71,-882,50,39,-466,9,0,-141,3,45,8,410,-14203,-6442
5263099,2379,2904,2213,2702,3042,11,71,-882,51,38,-466,2,-4,3,0,41,24,410,-14297,-6442
5263120,2386,2913,2206,2693,3041,10,72,-881,51,38,-466,7,1,-9,-10,36,31,410,-14379,-6442
5263139,2372,2896,2217,2706,3041,10,72,-881,51,38,-466,7,1,-9,-10,36,31,410,-14437,-6442
5263152,2368,2891,2221,2711,3041,9,72,-881,52,37,-467,-1,39,9,-10,44,-8,410,-14528,-6442
5263173,2370,2893,2225,2716,3041,8,72,-881,52,36,-467,1,49,-7,-16,46,-25,410,-14616,-7691
5263193,2375,2899,2224,2715,3041,7,73,-882,53,35,-466,4,58,0,-3,48,-18,410,-14709,-7691
5263214,2386,2913,2245,2741,3042,6,73,-882,53,35,-466,11,42,-18,0,40,8,410,-14793,-7691
5263233,2382,2908,2239,2733,3042,6,73,-882,53,35,-466,11,42,-18,0,40,8,410,-14850,-7691
5263246,2372,2896,2244,2739,3041,5,71,-881,52,33,-467,10,54,-18,-26,41,43,410,-14935,-7691
5263266,2375,2899,2215,2704,3040,4,70,-881,52,32,-467,-4,34,5,16,52,18,410,-15021,-7691
5263285,2384,2910,2222,2713,3040,4,70,-881,52,32,-467,-4,34,5,16,52,18,410,-15079,-6860
5263298,2371,2894,2223,2714,3040,3,69,-881,52,31,-468,-11,24,28,2,51,20,410,-15170,-6860
5263319,2366,2888,2212,2700,3040,1,69,-881,52,30,-468,-11,14,17,-16,38,23,410,-15254,-6860
5263338,2387,2914,2213,2702,3040,1,69,-881,52,30,-468,-11,14,17,-16,38,23,410,-15314,-6860
5263352,2378,2903,2203,2689,3039,1,69,-881,53,29,-468,0,11,15,-1,28,16,410,-15409,-6860
5263373,2368,2891,2194,2678,3039,0,69,-881,53,29,-468,-5,15,0,-22,26,17,410,-15495,-6860
5263392,2361,2882,2200,2686,3039,0,69,-881,53,29,-468,-5,15,0,-22,26,17,410,-15557,-7429
5263405,2391,2919,2223,2714,3038,0,70,-880,54,28,-469,0,-31,-27,4,29,15,410,-15652,-7429
5263425,2367,2890,2179,2660,3038,0,69,-880,54,27,-469,3,-35,-28,25,24,28,410,-15749,-7429
5263445,2379,2904,2184,2666,3038,0,69,-880,54,27,-470,8,-38,-34,0,11,40,410,-15853,-7429
5263466,2384,2910,2199,2684,3037,-1,69,-880,54,27,-470,1,-50,-19,-17,1,18,410,-15952,-7429
5263486,2391,2919,2224,2715,3036,-1,70,-880,55,28,-470,3,-29,-8,4,1,-19,410,-16063,-7429
5263507,2388,2915,2208,2695,3038,0,70,-880,55,28,-469,8,-8,15,7,-4,-35,410,-16167,-8797
5263527,2355,2875,2190,2673,3038,0,70,-880,55,28,-469,-26,1,14,1,-20,-51,410,-16282,-8797
5263548,2353,2873,2227,2719,3040,0,69,-881,54,28,-468,-34,29,64,106,-4,-70,410,-16404,-8797
5263570,2399,2929,2251,2748,3041,0,68,-882,52,27,-466,0,-29,18,61,13,-91,410,-16513,-8797
5263589,2376,2901,2227,2719,3041,0,68,-882,52,27,-466,0,-29,18,61,13,-91,410,-16586,-8797
5263603,2357,2877,2202,2688,3045,0,66,-883,52,26,-464,-11,7,6,22,18,-136,410,-16707,-8797
5263625,2365,2887,2218,2708,3048,0,66,-884,51,26,-462,-13,49,8,37,16,-147,410,-16809,-9067
5263644,2410,2942,2272,2774,3048,0,66,-884,51,26,-462,-13,49,8,37,16,-147,410,-16878,-9067
5263658,2305,2814,2137,2609,3053,0,67,-887,52,26,-457,42,101,-120,-142,26,-180,410,-16984,-9067
5263678,2360,2881,2203,2689,3055,0,66,-887,52,25,-456,-5,263,104,155,45,-36,410,-17101,-9067
5263699,2426,2962,2247,2743,3055,0,65,-887,51,25,-457,65,-33,-95,-10,-9,83,410,-17221,-9067
5263721,2417,2951,2225,2716,3051,0,66,-886,52,26,-459,-8,-7,1,-65,-36,142,410,-17329,-9067
5263741,2384,2910,2221,2711,3050,0,66,-885,52,26,-460,17,24,-61,31,-16,15,410,-17450,-9166
5263763,2382,2908,2231,2724,3050,0,66,-885,51,26,-460,-19,5,48,30,-20,-36,410,-17555,-9166
5263783,2367,2890,2224,2715,3051,0,66,-886,51,26,-467,-19,1,16,-25,-15,-83,410,-17673,-9166
5263805,2350,2869,2220,2710,3053,0,66,-886,51,27,-458,-32,15,72,1,-27,-26,410,-17792,-9166
5263826,2367,2890,2220,2710,3053,1,66,-886,51,28,-458,-28,26,56,10,-45,57,410,-17907,-9166
5263847,2388,2915,2229,2721,3051,1,66,-885,50,28,-459,-26,3,45,-23,-53,86,410,-18025,-9009
5263868,2384,2910,2212,2700,3050,2,66,-885,50,29,-460,-13,-15,-4,-23,-61,37,410,-18137,-9009
5263888,2388,2915,2218,2708,3050,4,67,-885,50,30,-460,-16,30,-2,-14,-51,-40,410,-18254,-9009
5263909,2373,2897,2235,2728,3051,5,68,-886,50,31,-459,-11,58,-19,-30,-43,-101,410,-18360,-9009
5263929,2368,2891,2233,2726,3053,6,68,-887,50,32,-457,-2,128,-35,-43,-33,-104,410,-18477,-9009
5263951,2375,2899,2202,2688,3055,6,69,-887,51,33,-456,-3,134,-20,-36,-25,-53,410,-18601,-9214
5263974,2367,2890,2205,2692,3055,7,70,-887,51,34,-456,-5,131,-25,16,-23,32,410,-18711,-9214
5263995,2373,2897,2201,2687,3054,8,69,-887,50,34,-457,-9,84,-16,21,-21,57,410,-18821,-9214
5264016,2379,2904,2203,2689,3053,8,69,-886,50,34,-458,-18,49,15,-13,-10,43,410,-18922,-9214
5264036,2380,2905,2200,2686,3052,8,69,-886,50,34,-458,-14,44,-4,-16,5,11,410,-19029,-9214
5264057,2369,2892,2207,2694,3052,8,70,-886,51,34,-458,-13,40,10,-1,26,-23,410,-19133,-8349
5264078,2365,2887,2206,2693,3053,7,69,-886,50,33,-458,-18,49,25,7,41,-20,410,-19233,-8349
5264098,2371,2894,2200,2686,3053,6,68,-886,50,32,-457,-14,57,18,-17,39,1,410,-19332,-8349
5264118,2381,2907,2182,2664,3053,5,67,-886,50,31,-458,-17,52,26,-25,38,18,410,-19427,-8349
5264138,2377,2902,2193,2677,3053,4,66,-886,49,29,-458,-7,72,13,-15,40,14,410,-19526,-8349
5264158,2393,2921,2194,2678,3053,3,65,-886,48,28,-458,0,82,0,-10,36,-6,410,-19620,-8003
5264178,2399,2929,2201,2687,3053,2,62,-887,46,26,-458,-13,78,9,-12,30,-11,410,-19709,-8003
5264197,2391,2919,2206,2693,3053,2,62,-887,46,26,-458,-13,78,9,-12,30,-11,410,-19769,-8003
5264211,2389,2916,2203,2689,3053,1,58,-887,44,24,-458,0,80,-1,-4,23,3,410,-19854,-8003
5264229,2394,2923,2207,2694,3053,1,58,-887,44,24,-458,0,80,-1,-4,23,3,410,-19911,-8003
5264242,2399,2929,2192,2676,3053,0,55,-887,42,22,-458,2,70,-4,-7,13,17,410,-20003,-8003
5264264,2394,2923,2208,2695,3053,0,53,-887,41,22,-458,-4,66,5,-9,3,11,410,-20084,-7295
5264283,2407,2938,2194,2678,3053,0,53,-887,41,22,-458,-4,66,5,-9,3,11,410,-20137,-7295
5264296,2395,2924,2198,2683,3053,0,51,-887,40,21,-458,-7,56,10,-8,-8,-23,410,-20220,-7295
5264316,2388,2915,2202,2688,3053,0,50,-887,39,20,-458,-5,46,16,-11,-12,-35,410,-20297,-7295
5264336,2384,2910,2202,2688,3054,0,49,-888,38,20,-457,-4,44,5,-13,-12,-48,410,-20378,-7295
5264357,2391,2919,2209,2697,3055,0,48,-888,37,20,-456,0,45,5,-8,-13,-58,410,-20455,-7295
5264377,2386,2913,2200,2686,3056,1,48,-888,37,20,-456,0,48,18,-20,-10,-66,410,-20525,-6504
5264396,2392,2920,2219,2709,3056,1,48,-888,37,20,-456,0,48,18,-20,-10,-66,410,-20572,-6504
5264409,2399,2929,2209,2697,3058,1,47,-889,36,20,-454,1,39,15,-37,-3,-58,410,-20640,-6504
5264428,2399,2929,2214,2703,3058,1,47,-889,36,20,-454,1,39,15,-37,-3,-58,410,-20682,-6504
5264441,2394,2923,2208,2695,3060,1,47,-890,36,20,-453,-2,42,12,20421,-3,-29,410,-20747,-6504
5264462,2379,2904,2219,2709,3060,1,48,-890,36,21,-453,4,51,0,-80,-11,-5,410,-20806,-6504
5264481,2380,2905,2184,2666,3060,1,48,-890,36,21,-453,4,51,0,-80,-11,-5,410,-20846,-5128
5264494,2391,2919,2183,2665,3060,2,50,1109,37,22,-453,6,34,-12,-105,-12,26,410,-20909,-5128
5264515,2387,2914,2189,2672,3059,2,51,-889,39,22,-453,0,20,-6,-107,-12,23,410,-20963,-5128
5264533,2387,2914,2187,2670,3059,2,51,-889,39,22,-453,0,20,-6,-107,-12,23,410,-21000,-5128
5264546,2374,2898,2186,2669,3059,3,54,-889,41,24,-453,-4,27,-6,-98,-9,-10,410,-21060,-5128
5264567,2368,2891,2191,2675,3059,3,55,-889,41,24,-453,1,36,-15,-66,-6,-33,410,-21114,-5128
5264586,2368,2891,2191,2675,3059,3,55,-889,41,24,-453,1,36,-15,-66,-6,-33,410,-21152,-4841
5264599,2360,2881,2190,2673,3060,3,56,-890,42,25,-452,-3,42,-7,-11,-16,-30,410,-21210,-4841
5264619,2356,2876,2194,2678,3061,3,55,-890,41,25,-452,3,34,-11,4,-28,-13,410,-21265,-4841
5264638,2369,2892,2200,2686,3061,3,55,-890,41,25,-452,3,34,-11,4,-28,-13,410,-21302,-4841
5264650,2358,2879,2200,2686,3060,5,54,-890,40,25,-452,2,17,4,18,-36,21,410,-21357,-4841
5264669,2364,2886,2207,2694,3060,5,54,-890,40,25,-452,2,17,4,18,-36,21,410,-21392,-4841
5264682,2373,2897,2227,2719,3060,6,53,-890,39,26,-453,0,4,-2,15,-45,9,410,-21446,-4841
5264701,2366,2888,2204,2691,3060,6,53,-890,39,26,-453,0,4,-2,15,-45,9,410,-21480,-4739
5264714,2365,2887,2219,2709,3060,7,53,-890,38,27,-452,-6,10,4,10,-45,-33,410,-21526,-4739
5264733,2353,2873,2208,2695,3060,7,53,-890,38,27,-452,-6,10,4,10,-45,-33,410,-21558,-4739
5264745,2354,2874,2207,2694,3061,8,53,-890,38,28,-451,-3,29,16,-10,-40,-38,410,-21609,-4739
5264767,2350,2869,2202,2688,3062,10,53,-891,37,29,-451,0,18,1,-17,-41,-28,410,-21653,-4739
5264785,2364,2886,2207,2694,3062,10,53,-891,37,29,-451,0,18,1,-17,-41,-28,410,-21682,-4739
5264798,2363,2885,2202,2688,3062,11,53,-891,37,30,-451,-2,20,2,-26,-43,12,410,-21728,-4739
5264818,2375,2899,2202,2688,3061,11,54,-890,37,30,-451,3,13,-8,-20,-41,5,410,-21771,-4145
5264837,2362,2884,2210,2698,3061,11,54,-890,37,30,-451,3,13,-8,-20,-41,5,410,-21799,-4145
5264850,2360,2881,2207,2694,3062,13,54,-891,37,32,-451,1,24,-5,0,-36,-19,410,-21841,-4145
5264869,2359,2880,2209,2697,3062,13,54,-891,37,32,-451,1,24,-5,0,-36,-19,410,-21868,-4145
5264882,2360,2881,2224,2715,3063,14,53,-891,36,32,-450,0,23,0,5,-39,-22,410,-21908,-4145
5264901,2379,2904,2213,2702,3063,14,53,-891,36,32,-450,0,23,0,5,-39,-22,410,-21934,-4145
5264913,2379,2904,2213,2702,3063,15,53,-891,35,33,-450,2,18,0,4,-41,-4,410,-21970,-4145
5264931,2364,2886,2225,2716,3063,15,53,-891,35,33,-450,2,18,0,4,-41,-4,410,-21993,-3274
5264944,2362,2884,2209,2697,3063,16,53,-891,35,34,-450,-2,17,0,-5,-51,1,410,-22031,-3274
5264964,2371,2894,2212,2700,3063,18,53,-891,34,35,-450,0,15,7,-12,-56,-10,410,-22063,-3274
5264983,2367,2890,2209,2697,3063,18,53,-891,34,35,-450,0,15,7,-12,-56,-10,410,-22085,-3274
5264995,2368,2891,2208,2695,3063,20,53,-891,33,37,1549,-3,19,6,0,-58,-30,410,-22121,-3274
5265016,2371,2894,2210,2698,3064,21,53,-891,33,37,-449,0,21,7,6,-63,-28,410,-22150,-3274
5265034,2352,2871,2212,2700,3064,21,53,-891,33,37,-449,0,21,7,6,-63,-28,410,-22170,-2864
5265047,2366,2888,2211,2699,3065,23,53,-891,32,39,-449,0,20,8,2,-75,-11,410,-22202,-2864
5265067,2367,2890,2210,2698,3065,25,52,-891,31,40,-449,3,19,7,5,-75,-7,410,-22229,-2864
5265085,2363,2885,2206,2693,3065,25,52,-891,31,40,-449,3,19,7,5,-75,-7,410,-22246,-2864
5265098,2369,2892,2208,2695,3065,26,52,-891,30,41,-449,1,15,0,1,-82,-5,410,-22273,-2864
5265118,2370,2893,2220,2710,3065,28,52,-891,29,43,-449,2,15,1,0,-85,-15,410,-22296,-2864
5265136,2380,2905,2211,2699,3065,28,52,-891,29,43,-449,2,15,1,0,-85,-15,410,-22312,-2320
5265149,2368,2891,2211,2699,3065,31,52,-891,28,45,-448,0,14,-4,0,-85,-22,410,-22335,-2320
5265168,2375,2899,2217,2706,3065,31,52,-891,28,45,-448,0,14,-4,0,-85,-22,410,-22348,-2320
5265181,2366,2888,2213,2702,3065,33,51,-892,26,47,-448,0,20,0,-5,-90,-20,410,-22367,-2320
5265199,2379,2904,2221,2711,3065,33,51,-892,26,47,-448,0,20,0,-5,-90,-20,410,-22379,-2320
5265211,2376,2901,2216,2705,3066,36,51,-892,26,49,-448,0,25,-8,-16,-90,-11,410,-22396,-2320
5265230,2387,2914,2230,2722,3066,36,51,-892,26,49,-448,0,25,-8,-16,-90,-11,410,-22407,-2320
5265243,2376,2901,2218,2708,3066,40,52,-892,25,52,-447,-8,22,2,-15,-92,-13,410,-22424,-1744
5265262,2372,2896,2219,2709,3066,40,52,-892,25,52,-447,-8,22,2,-15,-92,-13,410,-22434,-1744
5265275,2376,2901,2230,2722,3066,42,52,-892,24,54,-447,-3,19,0,1,-90,-19,410,-22448,-1744
5265293,2371,2894,2229,2721,3066,42,52,-892,24,54,-447,-3,19,0,1,-90,-19,410,-22458,-1744
5265305,2373,2897,2225,2716,3067,45,52,-892,23,55,-447,-5,15,2,5,-86,-12,410,-22472,-1744
5265325,2375,2899,2229,2721,3067,46,52,-892,22,57,-447,-8,12,2,0,-84,-8,410,-22483,-1744
5265343,2375,2899,2219,2709,3067,46,52,-892,22,57,-447,-8,12,2,0,-84,-8,410,-22490,-1116
5265356,2383,2909,2231,2724,3067,48,52,-892,21,58,-446,-3,7,-5,-1,-81,-8,410,-22500,-1116
5265376,2373,2897,2226,2717,3068,50,51,-892,20,60,-446,-9,8,1,-3,-81,-21,410,-22508,-1116
5265394,2367,2890,2239,2733,3068,50,51,-892,20,60,-446,-9,8,1,-3,-81,-21,410,-22513,-1116
5265407,2375,2899,2234,2727,3068,52,51,-892,20,61,-446,-7,12,0,-7,-76,-28,410,-22520,-1116
5265427,2365,2887,2235,2728,3068,54,51,-892,19,62,-445,-9,18,1,-6,-76,-24,410,-22525,-1116
5265445,2367,2890,2235,2728,3068,54,51,-892,19,62,-445,-9,18,1,-6,-76,-24,410,-22528,-620
5265458,2365,2887,2250,2747,3069,56,51,-892,18,64,-445,-8,14,-3,-3,-76,-3,410,-22533,-620
5265478,2367,2890,2242,2737,3069,57,51,-892,18,65,-445,-9,22,0,0,-77,-3,410,-22535,-620
5265496,2359,2880,2245,2741,3069,57,51,-892,18,65,-445,-9,22,0,0,-77,-3,410,-22537,-620
5265508,2360,2881,2242,2737,3069,60,51,-892,17,67,-445,-9,17,-1,11,-73,-11,410,-22538,-620
5265529,2344,2862,2236,2730,3069,61,51,-892,16,68,-445,-9,5,-6,11,-73,-15,410,-22538,-620
5265547,2340,2857,2236,2730,3069,61,51,-892,16,68,-445,-9,5,-6,11,-73,-15,410,-22538,-163
5265559,2344,2862,2237,2731,3070,63,51,-892,15,69,-444,-8,-12,-6,11,-72,-11,410,-22538,-163
5265580,2343,2860,2240,2735,3070,64,50,-892,14,70,-444,-10,-4,0,26,-71,-3,410,-22538,-163
5265597,2355,2875,2246,2742,3070,64,50,-892,14,70,-444,-10,-4,0,26,-71,-3,410,-22538,-163
5265610,2361,2882,2254,2752,3070,66,50,-892,13,71,-444,-9,-26,-1,29,-73,3,410,-22539,-163
5265630,2354,2874,2248,2744,3069,68,50,-892,12,72,-445,-8,-33,-11,26,-71,-1,410,-22539,-163
5265648,2335,2851,2257,2755,3069,68,50,-892,12,72,-445,-8,-33,-11,26,-71,-1,410,-22539,-16
5265660,2347,2865,2260,2759,3069,70,50,-892,11,74,-445,-7,-37,-7,24,-62,-12,410,-22539,-16
5265680,2345,2863,2261,2760,3070,70,50,-892,11,75,-444,-8,-37,-4,17,-56,-11,410,-22539,-16
5265698,2351,2870,2256,2754,3070,70,50,-892,11,75,-444,-8,-37,-4,17,-56,-11,410,-22539,-16
5265711,2353,2873,2264,2764,3070,72,50,-892,11,76,-444,-7,-37,-8,5,-55,-1,410,-22539,-16
5265730,2361,2882,2275,2777,3070,72,50,-892,11,76,-444,-7,-37,-8,5,-55,-1,410,-22539,-16
5265742,2351,2870,2269,2770,3069,73,51,-892,11,78,-444,-10,-38,-12,-3,-50,0,410,-22539,-16
5265761,2355,2875,2274,2776,3069,73,51,-892,11,78,-444,-10,-38,-12,-3,-50,0,410,-22539,0
5265773,2359,2880,2262,2761,3069,75,53,-891,12,79,-444,-10,-31,-9,-11,-45,-8,410,-22539,0
5265792,2364,2886,2271,2772,3069,75,53,-891,12,79,-444,-10,-31,-9,-11,-45,-8,410,-22539,0
5265804,2359,2880,2268,2769,3070,76,54,-892,12,80,-444,-14,-22,-9,-16,-35,-14,410,-22539,0
5265823,2358,2879,2264,2764,3070,76,54,-892,12,80,-444,-14,-22,-9,-16,-35,-14,410,-22538,0
5265835,2356,2876,2263,2763,3070,76,55,-892,12,81,-444,-18,-15,-8,-20,-28,-9,410,-22539,0
5265853,2359,2880,2255,2753,3070,76,55,-892,12,81,-444,-18,-15,-8,-20,-28,-9,410,-22540,0
5265865,2356,2876,2256,2754,3070,76,55,-891,13,82,-444,-20,-28,-12,-18,-23,5,410,-22544,-64
5265883,2367,2890,2248,2744,3070,76,55,-891,13,82,-444,-20,-28,-12,-18,-23,5,410,-22547,-64
5265896,2364,2886,2248,2744,3069,76,56,-891,13,82,-444,-16,-38,-23,23,-13,18,410,-22555,-64
5265916,2356,2876,2239,2733,3069,76,56,-891,14,82,-445,-15,-47,-24,40,-6,15,410,-22562,-64
5265934,2350,2869,2240,2735,3069,76,56,-891,14,82,-445,-15,-47,-24,40,-6,15,410,-22568,-64
5265947,2345,2863,2247,2743,3068,76,56,-891,14,82,-445,-10,-43,-25,53,0,0,410,-22577,-64
5265967,2359,2880,2234,2727,3068,76,56,-891,14,82,-445,-10,-38,-21,45,4,-10,410,-22585,-686
5265985,2349,2868,2243,2738,3068,76,56,-891,14,82,-445,-10,-38,-21,45,4,-10,410,-22591,-686
5265998,2346,2864,2240,2735,3068,76,56,-891,14,81,1554,-4,-31,-21,26,13,-9,410,-22600,-686
5266018,2346,2864,2231,2724,3068,76,57,-891,15,81,-445,-5,-35,-14,4,13,0,410,-22607,-686
5266036,2357,2877,2226,2717,3068,76,57,-891,15,81,-445,-5,-35,-14,4,13,0,410,-22612,-686
5266048,2356,2876,2223,2714,3068,75,58,-891,16,81,-445,-3,-21,-10,-27,33,9,410,-22620,-686
5266069,2343,2860,2221,2711,3068,74,59,-891,17,81,-445,-4,-17,5,-28,43,8,410,-22628,-686
5266087,2343,2860,2219,2709,3068,74,59,-891,17,81,-445,-4,-17,5,-28,43,8,410,-22633,-686
5266099,2343,2860,2218,2708,3068,73,60,-891,18,80,-445,1,-11,3,-36,63,-3,410,-22642,-686
5266120,2341,2858,2218,2708,3068,71,61,-891,19,79,-445,0,0,3,-33,65,-1,410,-22650,-686
5266138,2337,2853,2213,2702,3068,71,61,-891,19,79,-445,0,0,3,-33,65,-1,410,-22656,-686
5266150,2346,2864,2210,2698,3068,69,61,-891,20,78,-445,5,3,-4,-21,75,10,410,-22666,-686
5266170,2342,2859,2212,2700,3068,68,62,-891,21,77,-445,3,-2,-3,-18,75,15,410,-22676,-808
5266188,2333,2848,2211,2699,3068,68,62,-891,21,77,-445,3,-2,-3,-18,75,15,410,-22683,-808
5266200,2336,2852,2203,2689,3068,66,62,-891,22,76,-445,4,-5,-14,4,68,16,410,-22694,-808
5266221,2330,2844,2208,2695,3068,64,62,-891,23,75,-446,8,-9,-19,1,62,11,410,-22703,-808
5266239,2338,2854,2211,2699,3068,64,62,-891,23,75,-446,8,-9,-19,1,62,11,410,-22709,-808
5266251,2339,2855,2199,2684,3068,63,62,-891,24,73,-446,7,-3,-10,-13,51,-4,410,-22718,-808
5266271,2341,2858,2208,2695,3068,61,63,-891,24,73,-445,3,-8,-3,-18,45,-1,410,-22727,-841
5266289,2343,2860,2208,2695,3068,61,63,-891,24,73,-445,3,-8,-3,-18,45,-1,410,-22733,-841
5266302,2336,2852,2207,2694,3068,61,63,-891,25,72,-446,-2,-17,9,-11,26,21,410,-22745,-841
5266322,2340,2857,2209,2697,3067,60,63,-891,25,72,-446,-2,-17,8,0,17,18,410,-22755,-841
5266339,2343,2860,2208,2695,3067,60,63,-891,25,72,-446,-2,-17,8,0,17,18,410,-22763,-841
5266352,2340,2857,2210,2698,3067,60,63,-891,26,72,-446,1,-20,2,10,11,0,410,-22775,-841
5266372,2342,2859,2209,2697,3067,60,63,-891,26,71,-446,0,-17,4,11,6,-6,410,-22786,-973
5266390,2345,2863,2210,2698,3067,60,63,-891,26,71,-446,0,-17,4,11,6,-6,410,-22793,-973
5266403,2341,2858,2213,2702,3067,60,63,-891,26,71,-446,1,-14,2,-3,0,-3,410,-22805,-973
5266422,2339,2855,2208,2695,3067,60,63,-891,26,71,-446,1,-14,2,-3,0,-3,410,-22811,-973
5266434,2338,2854,2219,2709,3067,60,64,-891,26,72,-446,4,-12,-7,-19,-4,6,410,-22821,-973
5266452,2354,2874,2216,2705,3067,60,64,-891,26,72,-446,4,-12,-7,-19,-4,6,410,-22829,-973
5266464,2367,2890,2211,2699,3067,60,65,-891,27,72,-446,10,-5,-22,-21,0,-1,410,-22840,-973
5266483,2336,2852,2208,2695,3067,60,65,-891,27,72,-446,10,-5,-22,-21,0,-1,410,-22848,-930
5266496,2340,2857,2215,2704,3067,60,65,-891,27,72,-446,11,-8,-24,-5,4,-8,410,-22861,-930
5266515,2346,2864,2210,2698,3067,60,65,-891,27,72,-446,11,-8,-24,-5,4,-8,410,-22870,-930
5266527,2340,2857,2212,2700,3067,60,65,-891,27,72,-446,9,-9,-18,9,8,1,410,-22885,-930
5266546,2340,2857,2211,2699,3067,60,65,-891,27,72,-446,9,-9,-18,9,8,1,410,-22894,-930
5266558,2345,2863,2201,2687,3067,59,65,-891,27,72,-446,8,-15,-15,14,9,11,410,-22909,-930
5266577,2338,2854,2213,2702,3067,59,65,-891,27,72,-446,8,-15,-15,14,9,11,410,-22919,-930
5266589,2347,2865,2210,2698,3066,59,65,-891,27,71,-446,7,-21,-4,15,15,6,410,-22936,-1383
5266610,2343,2860,2208,2695,3066,59,65,-891,27,71,-446,4,-22,-5,9,17,4,410,-22954,-1383
5266631,2338,2854,2210,2698,3066,58,65,-891,27,71,-446,4,-17,1,5,18,4,410,-22969,-1383
5266648,2347,2865,2207,2694,3066,58,65,-891,27,71,-446,4,-17,1,5,18,4,410,-22979,-1383
5266661,2338,2854,2212,2700,3066,58,65,-891,27,71,-446,5,-17,0,-2,23,6,410,-22997,-1383
5266681,2344,2862,2211,2699,3066,57,65,-891,28,70,-447,2,-20,1,-1,23,5,410,-23014,-1383
5266699,2341,2858,2212,2700,3066,57,65,-891,28,70,-447,2,-20,1,-1,23,5,410,-23026,-1348
5266711,2340,2857,2216,2705,3066,56,65,-891,28,70,-447,1,-17,0,8,20,3,410,-23046,-1348
5266732,2338,2854,2214,2703,3066,56,65,-891,28,70,-447,2,-21,-9,13,15,7,410,-23065,-1348
5266750,2341,2858,2223,2714,3066,56,65,-891,28,70,-447,2,-21,-9,13,15,7,410,-23079,-1348
5266762,2342,2859,2221,2711,3066,56,65,-891,28,70,-447,-2,-38,-9,21,0,18,410,-23104,-1348
5266783,2346,2864,2219,2709,3066,56,65,-890,28,70,-447,-1,-37,-5,28,-8,16,410,-23127,-1348
5266801,2341,2858,2216,2705,3066,56,65,-890,28,70,-447,-1,-37,-5,28,-8,16,410,-23144,-1928
5266814,2348,2866,2216,2705,3065,56,65,-890,28,70,-448,-7,-51,-8,39,-20,5,410,-23174,-1928
5266834,2343,2860,2224,2715,3065,56,66,-890,28,70,-448,-5,-58,-9,64,-23,0,410,-23204,-1928
5266853,2336,2852,2221,2711,3065,56,66,-890,28,70,-448,-5,-58,-9,64,-23,0,410,-23227,-1928
5266866,2343,2860,2224,2715,3065,57,65,-890,28,70,-448,-3,-52,-6,109,-28,-5,410,-23266,-1928
5266885,2337,2853,2225,2716,3065,57,65,-890,28,70,-448,-3,-52,-6,109,-28,-5,410,-23293,-1928
5266898,2350,2869,2214,2703,3064,58,63,-890,26,70,-448,-8,-73,-8,121,-8,10,410,-23335,-1928
5266919,2352,2871,2224,2715,3063,58,62,-890,25,70,-449,11,-50,-31,110,-14,30,410,-23373,-3220
5266938,2332,2847,2218,2708,3063,58,62,-890,25,70,-449,11,-50,-31,110,-14,30,410,-23397,-3220
5266950,2350,2869,2221,2711,3062,58,63,-889,26,70,-450,-1,-75,-6,3,-17,46,410,-23437,-3220
5266971,2351,2870,2225,2716,3061,58,66,-889,28,71,-450,-2,-58,-10,-55,-11,22,410,-23474,-3220
5266990,2340,2857,2222,2713,3061,58,66,-889,28,71,-450,-2,-58,-10,-55,-11,22,410,-23502,-3220
5267003,2342,2859,2221,2711,3061,58,68,-889,30,73,-450,-3,-33,-24,-4,5,-33,410,-23550,-3220
5267024,2346,2864,2226,2717,3062,58,69,-889,30,73,-450,7,-28,-37,21,14,-43,410,-23596,-3539
5267043,2351,2870,2226,2717,3062,58,69,-889,30,73,-450,7,-28,-37,21,14,-43,410,-23628,-3539
5267056,2344,2862,2228,2720,3063,58,69,-889,31,73,-449,0,-36,-19,1,16,-3,410,-23677,-3539
5267076,2348,2866,2228,2720,3063,58,70,-889,31,73,-449,-1,-28,-17,-24,10,31,410,-23726,-3539
5267095,2340,2857,2221,2711,3063,58,70,-889,31,73,-449,-1,-28,-17,-24,10,31,410,-23761,-3539
5267108,2359,2880,2222,2713,3062,57,71,-889,32,73,-450,0,-33,-20,-10,14,28,410,-23816,-3539
5267127,2342,2859,2227,2719,3062,57,71,-889,32,73,-450,0,-33,-20,-10,14,28,410,-23854,-4158
5267141,2343,2860,2230,2722,3062,56,71,-889,33,73,-450,-9,-31,3,14,26,-12,410,-23912,-4158
5267161,2347,2865,2239,2733,3062,56,72,-889,33,72,-450,-4,-25,1,1,26,-20,410,-23973,-4158
5267182,2347,2865,2226,2717,3063,55,72,-889,34,72,-449,-5,-7,3,-15,29,-17,410,-24029,-4158
5267201,2355,2875,2222,2713,3063,55,72,-889,34,72,-449,-5,-7,3,-15,29,-17,410,-24069,-4158
5267214,2349,2868,2220,2710,3063,55,73,-889,35,71,-449,-9,-9,6,-1,41,11,410,-24137,-4158
5267235,2355,2875,2231,2724,3063,53,73,-889,35,71,-449,-11,-2,8,9,44,15,410,-24199,-5308
5267254,2336,2852,2217,2706,3063,53,73,-889,35,71,-449,-11,-2,8,9,44,15,410,-24241,-5308
5267267,2352,2871,2226,2717,3062,52,73,-889,36,69,-450,-11,-14,-13,2,47,13,410,-24307,-5308
5267287,2352,2871,2232,2725,3062,51,73,-889,36,68,-450,-14,-14,-11,0,52,8,410,-24370,-5308
5267306,2344,2862,2223,2714,3062,51,73,-889,36,68,-450,-14,-14,-11,0,52,8,410,-24414,-5308
5267319,2341,2858,2224,2715,3062,49,73,-889,37,67,-450,-11,-8,-19,-16,43,4,410,-24479,-5308
5267338,2356,2876,2224,2715,3062,49,73,-889,37,67,-450,-11,-8,-19,-16,43,4,410,-24527,-5275
5267351,2357,2877,2216,2705,3062,48,73,-889,38,67,-450,-19,-8,-10,3,45,5,410,-24604,-5275
5267373,2349,2868,2218,2708,3062,47,73,-889,38,66,-450,-13,-15,3,8,44,3,410,-24673,-5275
5267392,2360,2881,2223,2714,3062,47,73,-889,38,66,-450,-13,-15,3,8,44,3,410,-24721,-5275
5267404,2365,2887,2216,2705,3062,45,73,-889,39,64,-450,-12,-16,11,4,61,8,410,-24801,-5275
5267426,2355,2875,2216,2705,3062,44,73,-889,39,63,-450,-3,-22,0,-3,66,13,410,-24874,-5275
5267445,2360,2881,2213,2702,3062,44,73,-889,39,63,-450,-3,-22,0,-3,66,13,410,-24925,-6199
5267458,2357,2877,2200,2686,3061,41,73,-889,41,61,-450,-6,-14,-3,-10,78,10,410,-25002,-6199
5267478,2362,2884,2211,2699,3061,40,74,-889,42,60,-450,-6,-9,0,-15,86,6,410,-25079,-6199
5267497,2359,2880,2210,2698,3061,40,74,-889,42,60,-450,-6,-9,0,-15,86,6,410,-25131,-6199
5267510,2366,2888,2208,2695,3061,36,75,-889,43,58,-450,-1,2,-18,-13,91,6,410,-25213,-6199
5267531,2368,2891,2206,2693,3061,35,75,-889,44,57,-451,6,16,-33,-11,93,12,410,-25290,-6199
5267550,2361,2882,2211,2699,3061,35,75,-889,44,57,-451,6,16,-33,-11,93,12,410,-25345,-6634
5267563,2363,2885,2204,2691,3061,32,75,-889,46,55,-451,-1,23,-18,-20,99,8,410,-25434,-6634
5267585,2356,2876,2205,2692,3061,30,75,-889,46,53,-451,0,28,-11,-17,101,3,410,-25512,-6634
5267604,2361,2882,2212,2700,3061,30,75,-889,46,53,-451,0,28,-11,-17,101,3,410,-25566,-6634
5267617,2352,2871,2204,2691,3061,27,76,-889,48,50,-450,0,29,-5,-23,113,-1,410,-25650,-6634
5267638,2367,2890,2200,2686,3062,25,76,-889,49,49,-450,0,30,3,-22,116,5,410,-25730,-6634
5267657,2374,2898,2198,2683,3062,25,76,-889,49,49,-450,0,30,3,-22,116,5,410,-25786,-6853
5267670,2367,2890,2199,2684,3062,20,76,-889,51,46,-450,-14,17,25,-11,128,-7,410,-25865,-6853
5267689,2368,2891,2208,2695,3062,20,76,-889,51,46,-450,-14,17,25,-11,128,-7,410,-25922,-6853
5267703,2364,2886,2201,2687,3063,16,76,-890,52,43,-450,-7,20,20,2,136,-21,410,-26012,-6853
